English,Word Type,Telugu Script,Transliteration
(m.),adjective,Ƿాయ్ĸొ,pyāro
/acār/;,noun,ఖావ్Ĭి,khvāḍi
/adan/;,noun,İేకన్,dēkan
/akal/;,noun,కణిణ్,kaṇṇi
/andāro/;,noun,ĺాజళ్,vājaḷ
/anāḍi/;,adjective,నసలోడ్,nasalḍō
/arrā/,noun,కమĸా,kamarā
/asmān/;,adjective,పకొక్Ĩావ్Ĭొ,pakkocvāḍo
/asmān/;,adjective,జాǷాప్,jāppā
/aṅgoḷō/;,noun,దుముమ్,dummu
/aṭṭaggo/;,noun,హళజాĦి,haḷajāgi
/bagā/;,numeral,హజార్,hajār
/balidān/,noun,భంĬాĸొ,bhaṇḍāro
/ballā/;,noun,ǹగĬాķేర్,bigaḍāyēr
/barci/;,noun,Ǿట,mīṭa
/baḍā/;,verb,మాండ్,māṇḍ
/baḷad/;,noun,ȎాంĬియా,sāṇḍiyā
/baḷgō/;,verb,బĹోర్చఁ,baḷrōcam ̐
/baṅgḍī/;,noun,ĽిĽి,sisi
/baṇā/;,verb,Ȏొİార్,sodār
/bhaḷge/;,noun,Ľీవ్కార్,svīkār
/bhaḷge/;,verb,హుబాడ్,hubāḍ
/bholgā/;,noun,ĺేజ్,vēj
/bhuljāyēr/;,noun,భూలేర్,bhūlēr
/bhuḷi/,noun,మాలంĺేĦి,mālanvēgi
/bimāri/;,noun,ĸోగ్,rōg
/buḍḍi/;,noun,సందుక్,sanduk
/buṅgā/;,noun,బురర్1,burra
/bāyilōg/,noun,ĵాయ్న్,bhyān
/bāḷ/;,verb,భూంజ్,bhūn̄j
/bēḍaṁ/;,noun,ȇĪిళ్,vijhḷi
/bōl/;,verb,లĦా,lagā
/camak/;,noun,డర్,ḍar
/ceddar/;,noun,జంఖాన,jaṅkhāna
/cham̐lā/;,verb,హంకాల్,haṅkāl
/cham̐ri/;,noun,ǷాȎాన్,pāsnā
/chapāyēr/;,noun,Ȁర్,mōr
/chaṇak/;,noun,ĩాంట్,chāṇṭ
/chaṇgo/;,verb,Ǹాట్  పĬొ,phāṭpaḍo
/chām̐tti/;,noun,హీక్,hīk
/chāṇḍi/;,noun,బొమమ్,bomma
/chāṇṭ/;,verb,ĩోĬేద్ĸొ,chōḍdēro
/chēbri/;,noun,రూంĦీల్,rūṅglī
/chōl/;,verb,Ƿొటుట్ కాడ్,poṭṭu kāḍ
/chōḍ/;,noun,Ǹొకట్,phokaṭ
/chōḍ/;,verb,ǵకాళ్  İేర్,nikāḷdēr
/chōḍēr/;,noun,İెĲాకేర్,denākēr
/cikṇō/;,noun,Įేల్,tēl
/cikṇō/;,adjective,ĩోĬేǵ,chōḍēni
/cilla/;,noun,బేడం,bēḍaṁ
/ciluku/;,noun,Ƿాన్,pān
/copaḍ/;,verb,Ȅంప్,līmp
/cunlēr/;,noun,ĸేణో,rēṇō
/cvāḍ/;,noun,జమాķేర్,jamāyēr
/cāl/;,noun,Ĳాయకీ,nāyakī
/cāvajatrā/;,verb,పుĸోవǰ,purōvajū
/cāvaḷ/;,noun,ıాన్,dhān
/cāyēni/;,adjective,నకామ్,nakām
/cīr/;,verb,Ǹాడ్,phāḍ
/cōṭ/;,noun,లĦా,lagā
/cūro/;,noun,Ƿొటుట్,poṭṭu
/cūyō/;,noun,చూĸొ,cūro
/dalḍā/,noun,ĺేజ్,vēj
/dam̐/;,verb,İేĲాక్,dēnāk
/dari/;,noun,Ƿాళ్ 1,pāḷ
/darśan/;,noun,వĮా,vatā
/dasti/;,noun,Ƿాకిడ్,pākḍi
/davā/;,noun,వస్,vas
/daḷyā/;,noun,మాండ్,māṇḍ
/dham̐yi/;,verb,వİొగ్,vadgo
/dharagiḍiyā/;,noun,ĳేĲా,pēnā
/dharas/;,verb,ధర్  Ľేదఁ,dharsēdam ̐
/dhonākēr/;,noun,ıో,dhō
/dhujṇi/;,noun,ధూజేర్,dhūjēr
/dhān/;,noun,Ȏాళ్,sāḷ
/dok/;,noun,ǹమాĸి,bimāri
/dādā/;,noun,ĲాĲా,nānā
/dāḍi/;,noun,İాĬొ,dāḍo
/dāḍo/;,noun,İీఁȂఁ,dīm̐yōm̐
/dēkan/;,noun,సూటి,sūṭi
/dēnāk/;,verb,İేర్,dēr
/dēś/;,verb,ǷాĹేపర్  హుతర్,pāḷēpar hutar
/dōkēti/;,noun,ĸోగ్,rōg
/dōni/;,noun,లాకడ్,lākaḍ
/dūn/;,noun,Ĳాగర్,nāgar
/gaccap/;,verb,ముంĬోబుĸా,muṇḍōburā
/galamā/;,noun,Ǹాటక్,phāṭak
/galat/;,noun,బలాల్,ballā
/gargi/;,noun,సడ్  జో,saḍjō
/gaḷgo/;,noun,Ƿాణీ,pāṇī
/gaṇti/;,verb,లెకొక్కర్,lekkokar
/gaṇḍigāsēvāḷō/,verb,థమ్,tham
/geṭṭu/;,noun,Ƿాంత్,pānt
/gharēvāḷō/;,noun,ధణి,dhaṇi
/gharēvāḷō/;,noun,ǵĺాĽి,nivāsi
/ghaḍi/;,noun,నĽీబ్,nasīb
/ghaḍiyā/;,noun,సǽయాఁ,samiyām ̐
/ghūs/;,verb,జతన్,jatan
/ghūḍ/;,noun,ఫతంĦి,phataṅgi
/ghūṅgṭō/;,verb,జతన్,jatan
/gilo/;,adjective,నరȀ,naramō
/gilās/;,noun,ĽిĽి,sisi
/ginyā/;,noun,īామ్,ṭhām
/godḍi/;,noun,వĨాణో,vacāṇō
/goḷāvo/;,verb,ıాన్,dhān
/gummi/;,noun,Ħోİామ్,gōdām
/gumsi/;,noun,İొకాన్,dokān
/gumḍi/;,noun,Ĩోట్,cōṭ
/gutta/;,noun,ĺాĬి,vāḍi
/gām/;,noun,ȍార్,ṣār
/gām/;,noun,İీķేర్ బǳత్,dīyērbatti
/gāraḍi/;,noun,నంజర్  బంద్,nan̄jar band
/gāḍ/;,noun,Ĳాక్,nāk
/gāḷ/;,verb,పరగళ్  Ħొ,paragaḷgo
/gāḷā/;,noun,తలుగు,talugu
/gāṇṭ/;,noun,గుంĮేర్,guntēr
/gō/,verb,జో,jō
/gōlam/;,noun,టోటి,ṭōṭi
/gōri/;,noun,మȎాణ్,masāṇ
/gōḷā/;,adjective,ǦĹోȎాణ్,ghōḷōsāṇ
/gūnt/,verb,గూంĮాన్క ేర్,gūntnākēr
/hapte/;,noun,țడ్,hōḍ
/haḍaka/,noun,హĬాక్,haḍkā
/haṭā/;,verb,ȏటో,hāṭō
/hārgo/;,noun,ȏĸోగ్,hārgō
/ilākō/;,noun,Ħెటుట్,geṭṭu
/ilākō/;,verb,Ħాట్  పĬిĦి,gāṭ paḍigi
/inām/;,noun,కానక్ƺ,kānkya
/iḍti/;,noun,Ĩాȃన్,cālni
/jagat/;,noun,జగ్  Ľే,jagsē
/jagati/;,noun,జగత్,jagat
/jagsē/;,noun,తన్,tan
/jaldi/;,verb,İాబ్,dāb
/jamaṇō/;,noun,Ĳాయం,nāyaṁ
/jammi/;,noun,జాగ్,jāg
/jammēdār/;,noun,తĲేĸో,tanērō
/jannāvēti/,noun,ĸేĸొ,rēro
/janāvar/;,noun,Ľింకోస్,siṅkōs
/jatakar/;,noun,శĸిక్,śarik
/jatan/;,verb,ఢఁķకర్,ḍham̐yikar
/jaṇēr/;,verb,İేర్,dēr
/jaṇēr/;,noun,ĳిలల్,pilla
/jhāḍ/,noun,దĺా,davā
/jhāṅkrō/;,adjective,వజాĹో,vajāḷō
/jhāṅkēr/;,noun,ధగ్  ధగ్,dhagdhag
/jhōgoḷ/,noun,హĹోలో,haḷōlō
/jhōḷi/;,noun,ĺేĸి,vēri
/jhūṇḍ/;,noun,మĹావ్,maḷāv
/jhūṇṭ/,noun,ఝూండ్,jhūṇḍ
/jurmāna/;,noun,Ĭాండ్,ḍāṇḍ
/jyādā/;,adjective,ĸాస్,rās
/jyār/;,noun,మకాక్,makkā
/jādakar/;,verb,జాǷాప్కర్,jāppākar
/jāg/;,noun,ధĸిత్,dharti
/jāg/;,verb,Ķేలేర్,mēlēr
/jāg/;,verb,ĳేణ్,pēṇ
/jītēro/;,verb,ǮĮొణ్,jītṇo
/jītṇo/;,verb,ĺేĸాళు,vērāḷu
/jīvḍā/;,verb,మూȂ,mūyō
/jō/;,verb,డగర్  జో,ḍagar jō
/jōr/;,noun,మĽిత్,masti
/jōt/;,verb,లĦాడ్,lagāḍ
/jūnō/;,adjective,బుĬొ,buḍo
/jūnō/;,adjective,భస్  Ħే,bhasgē
/kalap/;,noun,ĵేĹే,bhēḷē
/kam̐/;,verb,పూంచ్,pūn̄c
/karaṇṭ/;,noun,Ĳాయకీ,nāyakī
/kas/;,verb,కాటోట్ కర్,kāṭṭō kar
/kase/,noun,ఘుĦార్,ghugrā
/katrāyikō/;,adjective,ĸాస్,rās
/kaḍi/;,noun,Ħీద్,gīd
/kaḷāl/;,noun,జాత్,jāt
/kaḷāyēro/,noun,సదు,sadu
/kaṇṇi/;,noun,Ħొణ్,goṇ
/kaṭbhand/;,noun,గులామ్,gulām
/kaṭmāḷo/;,noun,ఘర్  బార్,gharbār
/kaṭāḷo/;,noun,ȏఁķ,hām̐yi
/khabar/;,noun,మతలబ్,matalab
/khabar/;,noun,ఖోజ్,khōj
/khabjā/;,verb,ఢఁķకర్,ḍham̐yikar
/khajjurā/;,noun,Įాĸిక్,tārik
/kharāp/;,noun,గలత్,galat
/khatrā/;,noun,చమక్,camak
/khatrā/;,verb,ĺెల,vela
/khaṭlo/;,noun,ĵాĺేటి,bhāvēṭi
/khojhā/;,noun,ఖోజావణీ,khōjāvaṇī
/khoḷēr/;,noun,ఖావ్Ĺేĸొ,khvāḷēro
/khyāl/;,noun,ǵĻాǵ,niśāni
/khālḍi/;,noun,ఖాĹోడ్,khāḷḍō
/khāndāni/;,noun,ĺేల్,vēl
/khānā/;,verb,Ħీస్,gīs
/khātar/;,noun,ıాయ్న్,dhyān
/khāyēr/;,noun,ఖొĸాకి,khorāki
/khāḍ/;,noun,తĹావ్,taḷāv
/khāḷyā/;,noun,రుంĦిళ్,ruṅgḷi
/khēt/;,noun,ĺాĬి,vāḍi
/khīl/;,noun,జోడ్,jōḍ
/khīl/;,noun,ǸోĬా,phōḍā
/khōḍo/;,noun,మంĦాĹో,maṅgāḷō
/khūnd/;,verb,İాబ్,dāb
/kikāṭi/;,noun,భĽేĸొ,bhasēro
/kilāḍi/;,noun,వటాక్రయ్,vaṭkārya
/kirkiṇḍō/;,noun,ఛĳిన్,chapni
/kolḍā/;,noun,కొలాడ్  /kolḍā/  కోలాడ్,kōlḍā
/konorā/;,noun,దĸి,dari
/konorā/;,noun,కోస,kōsa
/korāḍi/;,noun,İాత్  లా,dātlā
/kośāri/;,noun,ĸోగ్,rōg
/kośāri/;,noun,నȃల్,nalli
/koḍci/;,noun,కొĸొచ్,korco
/kudēro/;,verb,కూద్,kūd
/kulā/;,verb,మాంజ్  లఁ,mān̄jlam̐
/kulā/;,noun,ǹగĬాķేర్,bigaḍāyēr
/kulā/;,verb,పటక్  దఁ,paṭak dam ̐
/kun̄ji/;,noun,బురర్1,burra
/kyārā/;,noun,ఖేత్,khēt
/kām/;,noun,ఘĬొజకొ  ȇȎార్,ghaḍojako visrā
/kāndā/;,noun,గర్ దణ్,gardaṇ
/kāndā/;,noun,గర్ దణ్ /gardaṇ/  నȅడ్,naḷḍi
/kāraṭ/;,noun,ǩలుకు,ciluku
/kāvli/;,noun,ఘĬి,ghaḍi
/kāḍ/;,verb,కాణాక్,kāṇāk
/kāḷō/;,adjective,కాĹో  /kāḷō/ మసళ్,masaḷ
/kāṅgsi/;,verb,ĺా,vā
/kāṭēr/;,noun,ఖటిక్,khaṭik
/kāṭēr/;,noun,Ƿాంట,pāṇṭa
/kāṭēr/;,verb,Įోడ్,tōḍ
/kēlēr/;,noun,మావ్జె,mvāje
/kērō/;,noun,హుకుమ్,hukum
/kērō/;,verb,బార్   కేర్,bār kēr
/kīr/;,noun,ȏĸి,hāri
/kīḍā/,noun,కొĻాĸి,kośāri
/kōni/;,verb,ĺేǵ,vēni
/kōsa/;,noun,ఫూంĦి,phūṅgi
/kōtli/,noun,చంǩ,can̄ci
/kūyō/;,noun,ĭాబ్,ḍhāb
/kūṇḍ/;,noun,ȀటొతĹాĺొ,mōṭotaḷāvo
/kūṭ/;,verb,లĦా,lagā
/labbar/;,noun,లుķేĺాĹో,luyēvāḷō
"/lagu,tāṇu/;",noun,సూİో,sūdō
/lagā/;,verb,వజా,vajā
/lagāḍ/;,noun,వజాĹో,vajāḷō
/lvāḷā/;,noun,సతత్,satta
/lā/;,verb,Ȅయా,līyā
/līyā/;,verb,లేలఁ,lēlam̐
/makkā/;,noun,సĸార్,sarrā
/maḷāv/;,noun,Ȏాİిర్,sādri
/maḷāv/;,noun,సంఘం,saṅghaṁ
/mālaṁ/;,verb,వĹాక్ణి,vaḷkāṇi
/māma/;,noun,ǿటాపు,moṭāpu
/māmi/;,noun,Ȏాసు,sāsu
/mān̄jlam̐/;,noun,లూ,lū
/māphikar/;,verb,సమాళ్  లఁ,samāḷlam ̐
/māttēr/;,noun,ముంĬి,muṇḍi
/māṭlā/;,noun,ȏంĬి,hāṇḍi
/mēl/,verb,రĺాన,ravāna
/mōjēr/;,noun,లెకొక్,lekko
/naco/;,verb,Ĵీంచ్,phīn̄c
/nakām/;,noun,పĬావ్,paḍāv
/namaskār/;,verb,పĨార్,pacār
/nan̄jar/;,noun,బొమమ్,bomma
/naramō/;,adjective,ĳింİాయ్,pindyā
/nassaṇ/,noun,లసస్ణ్,lassaṇ
/navgō/;,noun,భĶేĸొ,bhamēro
/niyat/;,noun,హక్,hak
/niśāni/;,verb,వĮా,vatā
/nācēr/;,noun,Ĳాచ్,nāc
/nānkā/;,adjective,ĵోళక్,bhōḷka
/nāpēr/,noun,Ƿాయ్Ĳో,pyānō
/nāra/;,noun,ĺేల్,vēl
/nāyakī/;,noun,Ƿాలన్,pālan
/nāḍa/;,noun,బాజా  బజంǴర్లు,bājā bajantrīlu
/nāḍa/;,noun,బాజా  బజంǴర్లు /bājā bajantrīlu/  bandage  Ƿాటొట్,pāṭṭo
/nāṇki/;,adjective,Ĳాన్  కా,nānkā
/pacār/;,noun,ĵాషణొ,bhāṣaṇo
/pacār/;,verb,బోల్,bōl
/padan/;,verb,ǻంజోడ్,bhin̄jōḍ
/padan/;,verb,ǻంజోడ్  /bhin̄jōḍ/ Ǽన్,bhīn
/pakār/;,noun,బలా,balā
/parbāti/;,noun,సĺాĸో,savārō
/patti/;,noun,మకాక్,makkā
/penār/;,noun,Ƿాయ్Ĳార్,pyānār
/phalcu/;,noun,రస్,ras
/phalcu/;,noun,ఫళ్  చు,phaḷcu
/pharkārō/;,adjective,సూకొ,sūko
/pharkārō/;,adjective,సూకొ  /sūko/ సూక్,sūk
/phulā/;,noun,భూĸియ,bhūriya
/phuṅkār/;,verb,ఫూలేĸో,phūlērō
/phuṭēr/;,noun,ఫూటన్  పĬే,phūṭan paḍē
/phānsi/;,verb,లటక్,laṭak
/phāḍ/;,noun,ȏఁసు,hām̐su
/phāṭēro/;,verb,Ǹోణాక్,phōṇāk
/phēr/;,noun,ȏటో,hāṭō
/piyōṭ/;,noun,ĸిమామ్,rimmā
/piḍi/;,noun,వలాద్,valād
/posaḍ/;,noun,Ƿోట్,pōṭ
/posaḍ/;,noun,Ľీంకిళ్,sīṅkḷi
/poṅkoḍa/;,noun,ǷొంకొĬా,poṅkoḍā
/purā/;,verb,మĲాķేర్,manāyēr
/purāṇō/;,adjective,Ƿాయ్Ĳార్,pyānār
/puṭka/;,noun,ĳెదకĸేర్,pedakarēr
/pyārēr/;,noun,Ƿాయ్ర్ 1,pyār
/pāktī/;,noun,వĬి,vaḍi
/pāḷ/;,noun,Ƿోట్,pōṭ
/pāḷ/;,noun,Ƿోట్  /pōṭ/ ǹంĬా,biṇḍā
/pāḷō/;,verb,Ƿాళ్ 1,pāḷ
/pēṇ/;,adjective,హుఁబర్,hum̐bar
/pēṭ/;,noun,ఫూȃయాȂ,phūliyāyō
/pīḍa/;,noun,బాయ్స్,byās
/pōṭiyā/;,adjective,ǷోĬాగ్,pōḍgā
/pūn̄c/;,verb,బోల్,bōl
/pūro/;,noun,Ȏాĸి,sāri
/pūṭo/;,adjective,Ƿాయ్Ĳార్,pyānār
/raḍāyēr/;,noun,వలటొర్,valaṭro
/ruṅgḷi/;,noun,ĸేల్,rēl
/rēlki/;,noun,Ľేడ్,sēḍ
/rūp/;,verb,ĺాంట్,vāṇṭ
/rūp/;,noun,వణాయ్,vaṇyā
/rūṅglī/;,noun,ȇణ్,viṇ
/sakrā/;,noun,సĶేȅ,samēḷi
/sāri/;,noun,Ľే,sē
/sāri/;,noun,Ľేజ్,sēj
/sāṅkaḍ/;,noun,ȏర్,hār
/sī/;,noun,ĽీĹో,sīḷō
/takḍi/;,verb,బĸోబర్,barōbar
/tarika/;,noun,రూప్,rūp
/taḷ/;,noun,బుĲాİి,bunādi
/taḷāv/;,noun,బంట,baṇṭa
/thamāḍ/;,verb,థమ్,tham
/tānt/;,noun,Ĳార,nāra
/tāv/;,noun,Įావ్  İెకేర్,tāvdekēr
/tōlēr/;,noun,ĵాĸి,bhāri
/tōḍ/;,verb,Įోణాక్,tōṇāk
/tōḍ/;,noun,పుటువ,puṭuva
/ucḷāyēr/;,verb,లాĦొజ్,lāgjo
/ujji/;,conjunction,వǭజ్,vajji
/ukaḷrō/;,verb,ఉకళ్ఁ,ukḷam ̐
/ukḷi/;,noun,Ȏోటా,sōṭā
/umar/;,noun,దం,daṁ
/undā/;,verb,ఠలా,ṭhalā
/valād/;,noun,ĺేల్,vēl
/vaḍi/;,noun,Ȏామ్,sām
/viṇṭrō/;,noun,Ȉంట్,vīṇṭ
/vām̐s/;,verb,సూంగ్,sūṅg
/vāḷ/;,verb,ĺాళద్ఁ,vāḷdam ̐
/vāṭ/;,noun,సడక్,saḍak
/vējā/;,verb,ĺేర్,vēr
/yāṇḍi/;,noun,ĺాయ్ంĬి,vyāṇḍi
/ā/;,verb,ఆĸోచూఁ,ārōcūm ̐
/āc/;,adjective,ĺారుజ్,vāruj
/ādmī/;,noun,మǵకాయ్,manikyā
/ākhar/;,verb,ఖుటాడ్,khuṭāḍ
/ākhar/;,verb,ఖుటాడ్   /khuṭāḍ/  ĩేడ,chēḍa
/āndi/;,adjective,కాణో,kāṇō
/āpti/;,noun,Ĩోట్,cōṭ
/āpti/;,noun,ఖĮార్,khatrā
/āri/;,noun,ఆĸోచూఁ,ārōcūm ̐
/āspās/;,noun,చూట్  Ƿాట్,cūṭpāṭ
/āvajakō/;,adjective,వజకొ,vajako
/āyēr/;,verb,మంĦాķేర్,maṅgāyēr
/āḷi/;,noun,కటామ్Ĺొ,kaṭmāḷo
/āṅgēr/;,adjective,Įోలూచ్ర్,tōlcūr
/āṅk/;,noun,Ħొణ్,goṇ
/ēk/;,adjective,ఏకొల్,ēklo
/īḍ/;,noun,ఉమర్,umar
/ōlḍā/,noun,ĺోలాడ్,vōlḍā
/ōrnayi/;,noun,సబేత్,sabēt
/ōṭ/;,noun,చుĲేల్ర్,cunlēr
/ḍham̐yi/;,adjective,ǷాĮోళ్,pātḷō
/ḍham̐yikar/;,noun,ĸాసులు,rāsulu
/ḍhaṅg/;,noun,తĸిక,tarika
/ḍhāṅkṇi/;,noun,భూĨొన్,bhūcno
/ḍhūṇḍēr/;,verb,ఢూండ్,ḍhūṇḍ
/ḍvāḷi/;,verb,Ǹాంకాఫూట్,phāṅkāphūṭ
/ḍūbgō/;,verb,Ȏాంజ్  పడĦి,sān̄j paḍagi
/ṭhikri/;,noun,తĺావ్,tavvā
/ṭokḍā/;,noun,ĳేడ్,pēḍ
/ṭāṅg/;,verb,ధప్,dhap
/ṭēḷō/;,noun,దకాళ్,dakāḷ
/ṭōkaṇō/;,noun,మాటాల్,māṭlā
/ṭūṇṭō/;,noun,వంĦెద్ǵ,vaṅgdeni
abide,verb,ĺాĮేమా  ĸేర్,vātēmā rēr
ability,verb,జోర్,jōr
able,noun,İేకǯ,dēkaju
above,noun,ఉంచఁ,un̄cam̐
absent,unknown,Ĳాకాల్,nākāl
absorb,verb,ఖింĨాĦొ,khin̄cāgo
abstract,adjective,మాలం  ఛఁజకో,mālaṁ cham ̐jakō
acacia,unknown,tree బొȀమ్Ȇర్ ఝాడ్,bommōḷīr jhāḍ
acceptance,noun,మాĲేర్,mānēr
accession,noun,భĹెగ్,bhaḷge
accident,verb,ఠకక్ర్,ṭhakkar
accidental,adjective,అĨానక్,acānak
accidentally,verb,అĨానక్,acānak
accost,verb,బోల్,bōl
account,unknown,ఖాĮా,khātā
accusing,unknown,someone బదĲామ్ ǷాĬేర్,badanām pāḍēr
acquiring,verb,Ƿాప్  పటేక్ర్,pāp paṭkēr
acre,noun,ఎకర్,ekar
acrid,noun,కుĬి,kuḍi
across,verb,ఆĬో,āḍō
active,adjective,ఛఁప్  కేĽి,cham̐pkēsi
actual,noun,అĽిల్,asli
ad,verb,అĨానక్,acānak
ad,verb,పకాక్,pakkā
ad,verb,ధర్అగĬియా,dharagaḍiyā
ad,verb,లపణ్,lapaṇ
ad,verb,ȎాదĽీద,sādasīda
ad,verb,దĲేక్,dankē
ad,verb,రĮోయ్,ratōy
ad,verb,బĸోబర్,barōbar
ad,verb,సూİో,sūdō
ad,verb,īాలొ,నకామ్
ad,verb,īాలొ /నకామ్   /ṭhālo,nakām
ad,verb,ఫĸాగత్,pharāgat
ad,verb,Ǵ,tī
ad,verb,మాǳ,māti
ad,verb,ఒǳత్ /otti/ ఓĮేత్ǳ,ōttēti
ad,verb,Ľే,sē
ad,verb,ఆĬో  /āḍō/ ఆడప్Ĭేĸొ,āḍpaḍēro
ad,verb,జȃద్,jaldi
ad,verb,Ĩాĺోణ్కన్,cāvṇōkan
ad,verb,మాķ,māyi
ad,verb,ĺేĺాసు,vēvāsu
ad,verb,అǭజ్అĮార్,ajjiatrā
ad,verb,ǵకాణ్,nikāṇ
ad,verb,వĨేచ్Ľి,vaccēsi
ad,verb,లట్  కేĽి,laṭkēsi
ad,verb,జĲాన్జ్,jannāj
ad,verb,గǳ,gati
ad,verb,İికుక్,dikku
ad,verb,ఊంపర్,ūmpar
ad,verb,ఒతత్ఁ /ottam̐/ ఒĮెత్,otte
ad,verb,తర్  Ľెǳ,tarseti
ad,verb,హనుకన్,hanukan
ad,verb,ĺాయ్ĸోజేర్ సమన్క్  /vyārōjērsamnak/  upto brim  Ľీక్,sīk
ad,verb,ĸాస్,rās
ad,verb,కాఁķకనఁ,kām̐yikanam ̐
adamant,adjective,నసలోడ్,nasalḍō
adjacent,adjective,ఢఁķ,ḍham̐yi
adopt,verb,Ħోİేన్ లేలఁ,gōdēn lēlam ̐
adoption,noun,Ħోద్,gōd
adoptive,unknown,mother ǷాȆజకో యాĬి,pāḷījakō yāḍi
advance,noun,బయాĲా,bayānā
advise,unknown,Ħాయ్న్ కఁ,gyān kam ̐
advocate,verb,బķస్  కĸేĸొ,bayiskarēro
aeroplane,noun,హĺాķ,havāyi
affectionate,unknown,child హూఁĽేస్ర్ బేటా,hūm̐ssēr bēṭā
affectionate,noun,Ǿటి ĺాĮే,mīṭi vātē
afraid,verb,చమక్,camak
africa,unknown,continent ఆĴిర్కా ఖండం,āphrikā khaṇḍaṁ
after,adjective,పĨేచ్ర్,paccēr
after,adjective,ఆన్,ān
after,unknown,estimate అంİాజొ İేక్,andājo dēk
after,verb,కన్,kan
afternoon,noun,İొĳెప్ర్,dopper
against,noun,ఆంగఁ,āṅgam ̐
age,noun,ఈడ్,īḍ
agree,unknown,మానల్ఁ,mānlam ̐
agriculture,noun,ķెȎాǽ,yesāmi
alarm,noun,ధǽక్,dhamki
alcohol,noun,Ľీంİి,sīndi
alcoholic,noun,ĳిȂట్,piyōṭ
align,noun,భĹెగ్,bhaḷge
alike,verb,కూబ్  ఆచ్,kūb āc
all,noun,Ľే,sē
alone,noun,ఏకోల్జ్,ēklōj
aloof,verb,ఏకోల్జ్,ēklōj
altogether,verb,Ľే,sē
altruistic,adjective,ఇమాǵ,imāni
always,noun,కనన్,kanna
amnesia,noun,భులాజ్ķేర్,bhuljāyēr
among,verb,ĵాటామా,bhāṭāmā
amulet,noun,మంİొĹాయ్,mandoḷyā
analyse,verb,ȏఁస  ǷాĬేర్,hām̐sa pāḍēr
ancestral,adjective,తంĮాయ్,tantyā
and,conjunction,ఉǭజ్,ujji
anger,noun,ĸీస్,rīs
announce,verb,ఎలాన్  కర్,elānkar
annual,noun,బాĸిమాస్,bārimās
answer,unknown,జĺాబ్,javāb
ant,noun,కీĬి,kīḍi
antelope,noun,ǩǳȃ,citili
anterior,adjective,ధర్అĦిĬియా,dharagiḍiyā
anybody,unknown,కేǳవĮోķ,kētivatōyi
anyone,noun,కుణిǳ,kuṇiti
anything,verb,కుణĽిǳ,kuṇasiti
anytime,verb,కĲాన్ķĮోķ,kannāyitōyi
apology,noun,మాĴికర్,māphikar
apple,unknown,Ľేపు,sēpu
application,verb,రకాడ్,rakāḍ
apply,verb,ĨావజĮార్,cāvajatrā
appoint,verb,రకాడ్,rakāḍ
appreciate,verb,Įాĸిఫ్,tāriph
approach,noun,గలమా,galamā
appropriate,adjective,ĨావజĮార్,cāvajatrā
approximately,verb,ĭైఁ ĭైఁĽి,ḍhaim ̐ ḍhaim ̐si
apricot,unknown,జాంబు,jāmbu
apropos,verb,ĺేĹానఁ,vēḷānam ̐
aquatic,noun,Ƿాణీ,pāṇī
archaic,adjective,Ƿాయ్Ĳార్,pyānār
architect,noun,ĵాంİేĺాĹో,bhāndēvāḷō
aristocrat,noun,ధĸియా,dhariyā
arm,noun,ఖĺొ,khavo
armpit,noun,కాంకో,kāṅkō
army,noun,ĽిǷాķ,sipāyi
arouse,verb,జĦాĺొ,jagāvo
arrange,verb,సదర్,sadar
arrange,verb,సదర్   /sadar/  సవలత్,savalat
array,verb,Ȏొİార్,sodār
arrest,noun,ĦిరǸాత్ర్,giraphtār
arrival,noun,భĹెగ్,bhaḷge
artist,noun,ǩతర్కార్,citrakār
as,adjective,ఓరన్ķ,ōrnayi
as,verb,లాంబోȎో,lāmbōsō
as,verb,ĲాయĶేǳ,nāyamēti
ash,noun,ĸాక్,rāk
ash,noun,ĸాక్ /rāk/ Asia continent  ఆĽియా  ఖండం,āsiyā khaṇḍaṁ
ask,verb,ధప్,dhap
asking,noun,సĺాల్  పూంĨేర్,savāl pūn ̄cēr
asthma,noun,Ȁస,mōsa
at,verb,లారఁ,lāram̐
at,noun,ఓ ĺేĹామా,ō vēḷāmā
attach,verb,చుంటాడ్,cuṇṭāḍ
attain,verb,ǭత్  లఁ,jitlam ̐
attend,verb,భĹెగ్,bhaḷge
attention,noun,ıాయ్న్,dhyān
attire,verb,Ȏొİార్,sodār
attitude,noun,కణిణ్,kaṇṇi
attraction,verb,ఖాయ్ంĨేర్,khyān ̄cēr
attractive,adjective,Ǯవ్  ĮోĬాĸో,jīvtōḍārō
aubergine,noun,ĺాయ్ంగణ్,vyāṅgaṇ
auction,unknown,హĸార్స్,harrās
augment,verb,కులా,kulā
aunt,noun,మాǽ,māmi
authority,unknown,Ĳాయకీమా,nāyakīmā
auto,noun,ఆటోĸిǘా,āṭōrikṣā
avert,verb,థమాడ్,thamāḍ
awaken,noun,జాగన్,jāgan
away,verb,పర్  లేవుĬి,parlēvuḍi
axle,noun,ఇరుసు,irusu
aṅgoḷo/;,noun,ఝĬి,jhaḍi
babble,verb,భడ్  భĬియా,bhaḍbhaḍiyā
babbling,unknown,బకొర్,bakro
baboon,noun,హణుత్,haṇut
baby,noun,బాళక్,bāḷak
back,noun,పూటొ,pūṭo
back,unknown,pain ĩావ్క్ దుక్ ĸి,chvāk dukri
backbone,noun,Ĩావ్కేర్ హĬాక్,cvākēr haḍkā
backward,verb,లారఁ,lāram̐
backyard,noun,ఖేత్,khēt
bad,verb,ఖĸాప్,kharāp
bad,noun,నంజర్,nan̄jar
balance,noun,తకిడ్,takḍi
ball,noun,Ĩెండు,ceṇḍu
ball,adjective,ĭేĸా,ḍhērā
banana,noun,కేĹా,kēḷā
band,noun,Ĳాడ,nāḍa
bandicoot,noun,ఢూఁస్,ḍhūm̐s
bandy,verb,కెĸా,kerā
bang,noun,బందుకేర్ Ĩోట్,bandukēr cōṭ
bangle,noun,బంĦీడ్,baṅgḍī
bank,noun,కొĲొĸా,konorā
barber,noun,Ĳాȇ,nāvi
bargain,noun,Ȁల్  కĸేర్,mōlkarēr
barking,noun,బȎొర్,basro
barn,noun,Ħాబ్,gāb
barren,noun,పĬావ్,paḍāv
base,adjective,తళ్ 1,taḷ
basil,noun,Įొȅచ్ఁ,toḷcim ̐
bassia,noun,అంబాĬీర్ ĵాǭజ్,ambāḍīr bhājji
bath,noun,హంĦోȅ,haṅgōḷi
bay,noun,ĸాĮోడ్,rātḍō
be,verb,ĺేజా,vējā
be,noun,ఖోబొ,khōbo
be,verb,Ȏాంకొడ్,sāṅkḍo
beam,noun,İోǵ,dōni
bean,noun,ĺాలొȅ,vāloḷi
beard,noun,Ĭావ్Ĭి,ḍvāḍi
beat,noun,Ĩోట్,cōṭ
became,verb,ఆĨొచ్ĺేĦొ,āccovēgo
because,verb,హనుకన్,hanukan
because,conjunction,కాణణ్ఁ,kāṇṇam ̐
because,unknown,of that జĲాన్జ్,jannāj
becoming,unknown,bankrupt ǻకాĸి ķెĦొ,bhikāri yego
becoming,unknown,fat జాĬోĺేర్,jāḍōvēr
becoming,verb,టాళ్,ṭāḷ
becoming,unknown,unconscious ఘేĸి ఆķెర్,ghēri āyer
bed,noun,Ħొİిడ్,godḍi
bedspread,noun,Ĩెదద్ర్,ceddar
bee,noun,ఫూంİా,phūndā
beed,noun,లాȃడ్,lālḍi
before,verb,ఆంగఁ,āṅgam ̐
begging,noun,Ǽక్,bhīk
beginning,noun,సురు,suru
behave,verb,చఁలాķేర్,cam̐lāyēr
behind,noun,Ƿాచచ్ఁ,pāccam ̐
being,noun,ఖూబ్ఆచ్,khūbāc
being,unknown,at the back లారఁ,lāram̐
being,unknown,conscious జాగ్ ĸోచఁ,jāgrōcam ̐
being,unknown,ill తంజొర్,tan̄jro
being,unknown,itchy భళ్ భĹాķేర్,bhaḷbhaḷāyēr
being,noun,మĽిత్,masti
being,adjective,ఖాంĨాĹో,khān̄cāḷō
being,noun,ఝమ్  జాķేర్,jhamjāyēr
being,unknown,sticky గూంİేర్ Ĳై,gūndērnai
believe,verb,ȇĻావ్స్,viśvās
belly,noun,ĳేట్,pēṭ
belongings,noun,జాఁķజాత్,jām̐yijāt
beloved,verb,ĺాలో,vālō
belt,noun,పటెట్Ĭా,paṭṭeḍā
bend,verb,నĺాదఁ,navādam ̐
bends,noun,నవన్,navan
bereavement,noun,ఖోలొద్,khōldo
besides,verb,నĮో,natō
bet,noun,Ľెరుత్,sertu
between,adjective,వĨేచ్ల,vaccēla
beverage,noun,Ƿాణీ,pāṇī
big,verb,అȎామ్న్,asmān
big,unknown,ant మకోడ,makōḍa
big,unknown,bundle of hay పĸాĹేర్ ĺాǽ,parāḷērvāmi
big,unknown,needle సూȂ,sūyō
big,noun,కొĸొచ్,korco
big,noun,జĲావర్,janāvar
big,noun,కోȃడ్,kōlḍi
big,adjective,ȀటోȎొ,mōṭōso
bight,noun,ఫంİొ,phando
bile,noun,గుǽడ్,gumḍi
bind,verb,ĵాంİిĲో,bhāndinō
binding,noun,ǭĶెమ్İాĸి,jimmedāri
bird,noun,ĳిటట్,piṭṭa
bird,noun,ĳిటట్ /piṭṭa/ ĳిటిట్,piṭṭi
bird,unknown,of quail genus టోȃయా,ṭōliyā
birth,noun,జనమ్,janam
birth,unknown,defect Ħాయ్ణోహుȂ,gyāṇōhuyō
bit,noun,తునక్,tunka
bitch,noun,కొǳర్,kotri
bite,verb,Ħాంట్,gāṇṭ
bitter,adjective,కుĬి,kuḍi
bitter,noun,కĸేలా,karēlā
black,noun,కాĹో,kāḷō
blacksmith,noun,కమార్,kamār
blade,noun,పǳత్,patti
blanket,noun,ఘూంĦిడ్,ghūṅgḍi
blast,verb,Ǹోడ్,phōḍ
blaze,noun,țȅ,hōḷi
blazer,noun,కోట్,kōṭ
bleat,verb,గుణస్  ĸొ,guṇasro
bleeding,noun,ĸాద్,rād
blend,verb,భĹెగ్,bhaḷge
blight,noun,కొĻాĸి,kośāri
blind,adjective,ఆంİి,āndi
blind,noun,ఆంİిమాĲేర్,āndimānēr
blister,noun,ǸోĬా,phōḍā
block,noun,ǹగĬాķేర్,bigaḍāyēr
blockade,verb,ఘేర్ లొ,ghērlo
blood,noun,లోķ,lōyi
blouse,noun,కాంǪళ్,kān̄cḷī
blow,noun,ఫుంకార్,phuṅkār
blue,noun,Ƕలొ,nīlo
body,noun,Ǯĺాడ్,jīvḍā
bog,noun,బాడĺా,bāḍavā
boil,noun,ఉకĹోర్,ukaḷrō
boiled,noun,ఉకళ్  Ħీ,ukaḷgī
bolt,noun,ǩలల్,cilla
bondage,noun,కటభ్ంద్,kaṭbhand
bookshelf,unknown,ĺైర్ అĸార్,vair arrā
boot,noun,ǰĮే,jūtē
bore,noun,కటాĹొ,kaṭāḷo
born,adjective,హుȂ,huyō
borough,noun,ȍార్,ṣār
bossism,unknown,హుకమ్త్,hukmat
bottle,verb,లొటిమా  పకడ్,loṭimā pakaḍ
bottom,adjective,హేటఁ,hēṭam ̐
boulder,noun,ĵాట,bhāṭa
bounce,noun,ధకాక్,dhakkā
boundary,noun,ఇలాకో,ilākō
bow,noun,బాణం,bāṇaṁ
bow,noun,ıోక్,dhōk
bowl,verb,రĬాķేర్,raḍāyēr
box,noun,ĳిǷా,pipā
box,noun,ĳిǷా /pipā/ బుĬిడ్,buḍḍi
boy,noun,ĩావ్ĸా,chvārā
boyish,adjective,Ĳాన్  కా,nānkā
bracelet,noun,కొలాడ్,kolḍā
brain,noun,ĵేజొ,bhējo
bran,noun,చూĸొ,cūro
branch,noun,Ĭావ్ȅ,ḍvāḷi
branching,noun,Ǹాయ్ȃగ్,phyālgi
brass,adjective,ĳిĮొల్,pitlo
bread,noun,బాటి,bāṭi
break,verb,Įోడ్,tōḍ
break,verb,టోడ్  Ĳాకో,ṭōḍnākō
breast,noun,బǩచ్ర్,baccir
breath,noun,ĺాఁస్,vām̐s
breed,noun,జాత్,jāt
breed,noun,జాత్  /jāt/ breeze  ȋళ్,śiḷ
brick,unknown,ఇటిక,iṭika
bride,noun,నĺేల్ĸి,navlēri
bright,adjective,ఝాంకోర్,jhāṅkrō
bristle,noun,Ƿోస,pōsa
broken,noun,కాǪల్,kāclī
brooks,noun,ఖాĹాయ్,khāḷyā
broomstick,noun,బాణిణ్,bāṇṇi
brother,noun,ĵాķ,bhāyi
brother-in-law,noun,భĲోķ,bhanōyi
brush,noun,కులా,kulā
brushing,unknown,మాంజేర్,mān̄jēr
bucket,noun,బొకెక్న,bokkena
buddhism,adjective,బౌదద్ జాత్,baudda jāt
buffalo,noun,ĵాయ్ఁȎా,bhyām ̐sā
bug,noun,కొĻాĸి,kośāri
building,unknown,up the fire ఆంచ్ జాİాకర్,ān̄c jādākar
bulb,noun,బుగగ్,bugga
bull,noun,బళద్,baḷad
bully,noun,రĹేటు,raḷēṭu
bump,noun,ǸోĬా,phōḍā
bundle,noun,Ƿాళ్ 1,pāḷ
burly,verb,జాĬొ,jāḍo
burn,verb,బాĹేనఁ,bāḷēnam ̐
burn,verb,బాĹేనఁ   /bāḷēnam ̐/ బాళ్,bāḷ
burning,verb,బĹోగ్,baḷgō
burning,verb,లాĦొర్,lāgro
burnt,noun,బĹోగ్,baḷgō
bury,noun,Ħాడ్,gāḍ
bush,unknown,బొĨాక్,bockā
business,unknown,organization ĺాయ్Ƿార్,vyāpār
bust,noun,ĩాఁǳత్,chām̐tti
but,conjunction,నపణ్,napaṇ
butcher,verb,కాటేర్,kāṭēr
butter,noun,నూణి,nūṇi
buttocks,unknown,పూంద్,pūnd
by,noun,Ȏామ్,sām
by,verb,చమాక్న్,camkān
bygone,verb,బుజర్  Ħొజకొ,bujargojako
cabbage,noun,కాయ్బేǭ,kyābēji
cabin,noun,అలామ్ర్,almār
calf,noun,కేలాడ్,kēlḍā
call,noun,పకార్,pakār
call,verb,హంకార్,haṅkār
calm,verb,సమ్  జాఁ,samjām ̐
cam/,noun,తళక్  తళక్,taḷak taḷak
camel,noun,హుంటĬి,huṇṭaḍi
can,unknown,be given İేĺాసు,dēvāsu
can,verb,లాķెȎారు,lāyesāru
canal,noun,కాలావ్,kālvā
cancel,verb,ఖులాĲాక్,khulānāk
cancellation,noun,రద్,rad
candle,noun,మాయ్ణేర్ İీȂ,myāṇēr dīyō
cantankerous,noun,కĹెంకి,kaḷeṅki
capability,noun,ఆķసత్,āyisat
care,noun,అటక్Ĺేǳ,aṭkaḷēti
carefully,verb,ĭీలొ,ḍhīlo
carelessly,verb,బగర్  అటక్Ĺేǳ,bagar aṭkaḷēti
carpenter,noun,ఖాǳత్,khātti
carpenter's,noun,బాĸాష్,bārṣā
carriage,noun,ఢంగ్,ḍhaṅg
carve,verb,ĩోల్,chōl
case,noun,కారణ్,kāraṇ
cash,noun,నగద్,nagad
cashew,noun,భలామార్  ఝాడ్,bhalāmār jhāḍ
caste,noun,కĹాల్,kaḷāl
casualty,noun,ఖĮార్,khatrā
cat,noun,ǹĽిస్,bissi
catch,noun,పకడ్,pakaḍ
caution,noun,వకత్,vakat
cavity,noun,ఖోబొ,khōbo
cease,verb,ĩోడ్,chōḍ
cemetery,noun,మȎాణ్,masāṇ
centipede,noun,జోగ్,jōg
chafe,verb,ఆగ్  బూకĸి,āg būkari
chaff,noun,బాȃడ్,bālḍi
chain,noun,Ȏాంకడ్,sāṅkaḍ
chair,noun,కుĸిచ్,kurci
chameleon,noun,Ĭాకొణ్ ǦĬొ,ḍākṇo ghōḍo
chance,noun,అదన్,adan
chant,verb,బోలేĸో,bōlērō
character,noun,ఆంక్,āṅk
characters,noun,Ħొణ్,goṇ
charm,verb,మంతర్  మార్,mantar mār
charming,adjective,ఆĨోచ్İికావజకో,āccōdikāvajakō
charmingly,verb,లాĬేǳ,lāḍēti
chase,verb,భĬాక్ķేర్,bhaḍkāyēr
chase,unknown,by running డపట్,ḍapaṭ
cheated,adjective,ıోకపడĦొ,dhōkapaḍago
check,noun,ఖావ్లే,khvālē
check,verb,İేకెĸో,dēkerō
checking,unknown,attendance ఆķేǯ İేక్,āyēju dēk
cheese,noun,బȅ,baḷi
chest,noun,ĩాఁǳత్,chām̐tti
chickpea,noun,Ĩెన్ గయ్,cengya
childbirth,noun,ĳీĬే,pīḍē
children,noun,ఛుĨాపర్,chucāpar
chilly,adjective,మĸాచ్,marcā
chimera,noun,īాలొ,నకామ్
chimera,noun,īాలొ /నకామ్   /ṭhālo,nakām
chimney,noun,ధూķేĸొ బొంగు,dhūyēro boṅgu
chip,noun,టొకాడ్,ṭokḍā
chisel,noun,ఉȃ,uli
choice,noun,ఓట్,ōṭ
chop,verb,ఫర్,phar
chops,noun,Ǭĸేĸొ,chīrēro
chronicle,noun,ĳెĲార్,penār
chutney,noun,అĨార్,acār
cinder,unknown,లూĬి,lūḍi
cinema,noun,Ľిలామ్,silmā
circling,noun,ȇంటోర్,viṇṭrō
cistern,noun,డబోబ్,ḍabbō
city,noun,Ħామ్,gām
claim,verb,ĳీసĵాంద్,pīsabhānd
clan,noun,ǷాĬా,pāḍā
class,noun,తరగత్,taragat
classifications,noun,టాళ్  Ĳాకేర్,ṭāḷnākēr
clay,noun,మాĹేరూధ్డ్,māḷērdhūḍ
clean,noun,Ȏాఫ్  కĸేర్,sāphkarēr
cleanliness,noun,చĮార్ķ,catrāyi
clearly,verb,కూబ్  ఆచ్,kūb āc
cleave,verb,Ǹాడ్,phāḍ
clerk,noun,గుమȎాత్,gumastā
clever,unknown,చలాకి,calāki
climate,noun,ĺాĮావరణం,vātāvaraṇaṁ
climb,verb,చఁడ్,cam̐ḍ
close,adjective,ఢఁķ,ḍham̐yi
cloth,noun,ıోǳ,dhōti
cloths,noun,లĮొకాడ్,latokḍā
cloud,noun,ĺాజళ్,vājaḷ
cloud,noun,అంĦొĹో,aṅgoḷō
clout,noun,కొĨోటి,kocōṭi
cloves,noun,లూంగ్,lūṅg
coarse,noun,Ħోళ్,gōḷ
cock,unknown,కుకొడ్,kukḍo
cock's,unknown,crow బాంĦొర్,bāṅgro
cockroach,noun,కొĻాĸి,kośāri
coconut,noun,Ĳారళ్,nāraḷ
cold,noun,Ľీ,sī
collapsed,unknown,కూలోగ్,kūlgō
collect,verb,వసూల్  కĸేర్,vasūl karēr
collection,noun,ĵెȆĵేĹాȂ,bheḷībhēḷāyō
comb,noun,కాంĦిస్,kāṅgsi
combine,verb,ĦొĹాĺొ,goḷāvo
combing,noun,ĺాķేĸో,vāyērō
come,verb,ఆķేర్,āyēr
come,verb,ఆ,ā
come,unknown,and get లాȂజకొ,lāyōjako
coming,noun,ఆĸి,āri
command,noun,కేĸో,kērō
community,noun,జన్,jan
companion,noun,Ƿాయ్ĸొ,pyāro
compare,verb,ఫరక్,pharak
compensation,noun,Ĵిట్ Ħే,phiṭgē
competition,noun,హĳెత్,hapte
complaint,noun,పకాĸేర్,pakārēr
complete,unknown,ఖుటాడ్,khuṭāḍ
compliant,noun,పకాĸేర్,pakārēr
compose,verb,జోĬేĸొ,jōḍēro
comprise,verb,Įాĸేమా  ĵేళళ్ఁ,tārēmā bhēḷḷam ̐
compulsion,verb,జోĸాబ్ర్  ǳ,jōrbār ti
compulsory,verb,కూఁķǳ,kūm̐yiti
conception,noun,బంĦాల్,baṅglā
conciliate,verb,కమా,kamā
condition,noun,తĸిక,tarika
conducts,noun,ఠకుల్,ṭhakul
confidence,unknown,భĸోస,bharōsa
confirm,verb,కాటోట్ కర్,kāṭṭō kar
conglomerate,noun,తĸియాȂ,tariyāyō
connection,noun,ĲాĮొ,nāto
connects,noun,కలప్,kalap
conscious,noun,Ȏోయ్,sōy
console,verb,సమ్  జాఁ,samjām ̐
consolidate,verb,ఏక్  కĸేర్,ēkkarēr
constituted,adjective,మాంĬెజకో,māṇḍejakō
consult,verb,భĹెగ్,bhaḷge
contact,noun,భĹెగ్,bhaḷge
contend,verb,లడ్,laḍ
continent,noun,ఖండ్,khaṇḍ
continue,verb,వఁజకో,vam̐jakō
control,verb,థమాడ్,thamāḍ
convenient,adjective,వజకొ,vajako
conversion,noun,బదలాķేర్,badalāyēr
converting,noun,బదలాķేర్,badalāyēr
cooking,unknown,oil ǽటొĮేల్,miṭotēl
cool,verb,ఒలా,olā
cooling,unknown,సలావ్,salvā
coriander,noun,ధణీయార్  Ƿాన్,dhaṇīyār pān
corner,noun,కొĲొĸా,konorā
corpse,unknown,ĳీĲాగ్,pīngā
correct,verb,Ȏాయాకర్,sāyākar
correcting,noun,సదర్,sadar
corrode,verb,ఖాలఁ,khālam ̐
cot,noun,పలంగ్,palaṅg
cotton,noun,రూఁ,rūm̐
cough,noun,ఖాఁĽి,khām̐si
counsel,noun,ఢంగ్,ḍhaṅg
count,verb,గణిత్,gaṇti
course,noun,Ĩాల్,cāl
court,unknown,Ĳాయ్యȎాథ్న్,nyāyasthān
cover,noun,ĭాంకిణ్,ḍhāṅkṇi
covered,adjective,బూరన్  ఛఁ జకో,būran cham ̐ jakō
cow,noun,Ħాȇడ్,gāvḍi
crab,noun,కాయ్ంకొడ్,kyāṅkḍo
crack,noun,ఫూట్  జా,phūṭ jā
cracks,noun,ǩĸార్,cirrā
cradle,noun,హింİొĬొ,hindoḍo
crawl,verb,ĦోĬియావు  Ĩాల్,gōḍiyāvu cāl
cream,noun,థĸి,thari
create,verb,బణా,baṇā
creation,noun,పుటక్,puṭka
creature,noun,ముంĦేస,muṅgēsa
credit,noun,నఁమమ్న్,nam̐mman
creeper,noun,ĺేల్,vēl
creeping,verb,ĦొĬియాం  Ĩాలేర్,goḍiyāṁ cālēr
creepy,adjective,సర్  కేర్,sarkēr
crimson,noun,లాలొచటక్,lālocaṭak
cripple,adjective,టూంటో,ṭūṇṭō
crocodile,noun,మంగర్,maṅgar
crore,proper noun,కĸోడ్,karōḍ
cross,unknown,roads ఆĬావ్ట్,āḍvāṭ
crossing,unknown,లంగ్,laṅg
crow,noun,కాకల్,kākla
crowbar,noun,గడడ్Ƿార,gaḍḍapāra
crowd,noun,ఝూండ్,jhūṇḍ
cruel,adjective,Ƿాĳి,pāpi
crush,verb,చుĸొకర్,curokar
crutch,noun,Ǹాంకాĺాళ్  లకీడ్,phāṅkāvāḷ lakḍī
crying,noun,ĸో,rō
cuckoo,proper noun,కోబల్,kōbal
cucumber,unknown,కాక్ Ĭి,kākḍi
cue,noun,ǵĻాǵ,niśāni
cuffs,noun,Ħొలుచ్,golcu
culprit,noun,Ĩోర్,cōr
cultivated,adjective,పĨాķేర్,pacāyēr
culture,noun,Ǵజ్,tīj
cumin,noun,Ǯĸో,jīrō
cunning,noun,కిలాĬి,kilāḍi
cunning,unknown,fox ఠĦెĺాĹొ ȎాĹాయ్,ṭhagevāḷo sāḷyā
curry,noun,ĲొంĦావ్ణ్,noṅgvāṇ
curse,verb,సĸాప్,sarāp
custard,noun,ĽీĮాఫళ్,sītāphaḷ
custom,noun,ఇĬిత్,iḍti
cut,noun,కాటేర్,kāṭēr
cut,noun,కాటేర్  /kāṭēr/  కొతర్,kotar
cut,unknown,one కటాĦొ,kaṭāgo
cutter,unknown,with base కాటుట్,kāṭṭu
cycle,noun,Ľైకిల్,saikil
dab,noun,కావ్ళ్,kvāḷ
dad's,noun,కాక,kāka
damage,verb,కులా,kulā
damp,unknown,soil ǼĲొ ĸేర్,bhīno rēr
dance,noun,ĲాĨేర్,nācēr
dancing,noun,Ĳాచ్,nāc
danger,noun,ఆĳిత్,āpti
darkness,noun,అంİాĸొ,andāro
darling,adjective,Ƿాయ్ĸి,pyāri
darn,verb,Ľీడ్,sīḍ
dart,noun,Ǵర్,tīr
dash,verb,ధరస్,dharas
date,noun,ఖǯజ్ĸా,khajjurā
daub,verb,Ĩొపడ్,copaḍ
daughter,noun,బేటి,bēṭi
dawn,noun,పĸాబ్ǳ,parbāti
day,noun,İాĬి,dāḍi
daylight,noun,İీȂఁ,dīyōm ̐
death,noun,మĸోగ్,margō
debilitate,verb,వంĦెద్ĸొ కోǵ,vaṅgdero kōni
decayed,noun,పĬావ్  పĬిగ్,paḍāvpaḍgi
decent,adjective,ఆచ్,āc
decision,noun,కేలేర్,kēlēr
declining,noun,బుĬోత్జాĸో,buḍtōjārō
decoration,noun,Ȏొİార్,sodār
deep,adjective,ఊంĬో,ūṇḍō
deep,noun,Ħాయ్ĸి ǵంద్,gyāri nind
deer,noun,ǩǳȃ,citili
defeat,noun,ȏĸోగ్,hārgō
defer,verb,థమాడ్,thamāḍ
deficiency,noun,ఖోడ్,ఖోట్
deficiency,noun,ఖోడ్ /ఖోట్ /khōḍ,khōṭ
deficient,adjective,బĲాబĸొ,banābaro
deficit,noun,కాĹో,kāḷō
degenerate,noun,బĲాగĮేĸొ,banāgatēro
delay,noun,ĭీలొ,ḍhīlo
deliver,verb,జణేర్,jaṇēr
deluge,verb,డుబాĬాన్క్,ḍubāḍnāk
democratic,unknown,party పర్జాȎావ్మయ్ Ƿాĸిట్,prajāsvāmya pārṭi
demolish,verb,కులా,kulā
demonstrate,verb,పుĸొǷాడ్,puropāḍ
dense,adjective,Ħాయ్ĸొగచ్,gyārogac
densely,verb,Ħాయ్ĸొగచ్,gyārogac
dent,noun,కాట్,kāṭ
depart,verb,మĸోగ్,margō
departure,noun,చలెజాķేర్,calejāyēr
depending,noun,అబాİిĸేర్,abādirēr
deport,verb,భĬాక్İీĲె,bhaḍkādīne
depth,unknown,ఉంĬేమా,uṇḍēmā
derivation,noun,హూķేర్,hūyēr
derive,verb,ఆķేర్,āyēr
descend,verb,హుతర్,hutar
describe,verb,ఖోళన్  కఁ,khōḷan kam ̐
desert,noun,ఉȎాక్ƺర్  Ǻడ్,uskyār bīḍ
desiring,noun,మాంĦేర్,māṅgēr
detail,verb,ĺొİోడ్  దఁ,vodōḍ dam ̐
deteriorate,verb,నవస్  Ħొ,navasgo
devastate,verb,ǹగĬాķేర్,bigaḍāyēr
develop,verb,బĬావ్  ణో,baḍāvṇō
devilish,noun,Ƿాĳి,pāpi
dew,noun,భరప్,bharap
did,verb,Ħోకొǵ,gōkoni
died,verb,మూȂ,mūyō
died,verb,మూȂ   /mūyō/  సమాĦొజకొ,samāgojako
difference,noun,ఫరక్,pharak
difference,noun,ఫరక్  /pharak/  ĵేద్,bhēd
difficulty,noun,కĻాట్ǳ,kaśṭāti
dig,verb,ఖోద్,khōd
dig,noun,పుటికాయ్,puṭikyā
"digest,",verb,ఢఁķకర్,ḍham̐yikar
digestion,noun,గĹేĸో,gaḷērō
dire,noun,జȃద్ర్,jaldir
dirt,adjective,మాయ్ల్,myāl
dirty,adjective,మాయ్ల్,myāl
dirty,unknown,hand ĶెĹాĹో ȏత్,meḷāḷō hāt
dirty,unknown,water గİొళ్ Ƿాణీ,gadḷo pāṇī
disability,noun,టూంటో,ṭūṇṭō
disarrange,noun,ĵేళ్ ĵాళ్,bhēḷbhāḷ
discern,verb,ఢూండ్,ḍhūṇḍ
disciple,noun,ĨేĹా,cēḷā
discipline,noun,ఢంĦేǳ,ḍhaṅgēti
disclose,verb,కేĸో,kērō
discord,verb,వటొల్,vaṭlo
disease,noun,İొక్,dok
disgusting,adjective,బలాల్ ఢంĦేĸొ,ballā ḍhaṅgēro
dish,noun,ĸాంİేర్,rāndēr
dishonesty,noun,బే ఇమాǵ,bē imāni
dismantle,adjective,ఖులాĲాక్,khulānāk
dispassionate,adjective,బగర్  కపటేర్,bagar kapaṭēr
dispel,verb,ఖో Ħో,khō gō
disperse,verb,భĬాక్ķేర్,bhaḍkāyēr
dispose,verb,బĦా,bagā
disrespectful,adjective,బĲా  మలాİేĸొ,banā malādēro
dissuade,verb,Ĵేర్,phēr
distance,unknown,ĩెటి,cheṭi
distribute,unknown,ĺాయ్ంట్,vyāṇṭ
distribution,noun,İేĶెలేర్,dēmelēr
distrust,noun,గుమాన్,gumān
disturbance,verb,Ǭంట్  ĩాంట్,chīṇṭ chāṇṭ
disunited,adjective,İీవĬి కĸాన్కెజకో,dīvaḍi karnākejakō
divi,noun,ȏఁȎొ,hām̐so
divorce,noun,మాǿల్ĮోĬేĸొ,māmlotōḍēro
divorced,unknown,person ĩొĬిĩాĬో,choḍichāḍō
do,verb,కర్,kar
do,unknown,jumble అతత్ర్ పతత్ర్ కర్,attar pattar kar
do,verb,ఖĸాప్,kharāp
doctrine,noun,జాత్,jāt
dog,noun,కొĮార్,kotrā
don't,verb,పుĸొకరమ్త్,purokarmat
donkey,noun,గİిద్,gaddi
donor,noun,İేĺాĹో,dēvāḷō
door,noun,కĺాĬి,kavāḍi
doorbell,noun,కȎాĳిట్,kasāpṭi
doorway,noun,కĬాప్,kaḍpā
douse,verb,ఒలా,olā
downfall,noun,బూĬొగ్,būḍgo
drama,noun,Ĳాటక్,nāṭak
draw,noun,ఖాĲా,khānā
dream,noun,సపĲో,sapanō
dreary,adjective,ĸాంİీమా  ఛఁ,rāndīmā cham ̐
drench,verb,Ħాళ్,gāḷ
dried,verb,ఫĸాక్ĸో,pharkārō
dried,unknown,big round tablets made of bull shit ఛణ,chaṇa
dried,unknown,in sunlight తడ్ కేమా సుకాన్,taḍkēmā sukān
drift,noun,జోĸిత్,jōrti
drill,noun,బరమ్,barma
drink,verb,ĳి,pi
drive,verb,ఛఁలా,cham̐lā
drooping,noun,Ȁటే భంమార్,mōṭē bhammrā
drop,noun,ĩాంట్,chāṇṭ
droppings,noun,Ħోబర్,gōbar
drowned,unknown,డూǹగ్,ḍūbgi
drum,noun,నంĦాĸా,naṅgārā
dry,verb,Įావ్  Ĭోమాĸొర్,tāvḍōmārro
dry,verb,సూకాķేర్,sūkāyēr
dual,adjective,జోĬి,jōḍi
duck,noun,బతక్,batak
dumb,noun,యాంĬొ  మǵకాయ్,yāṇḍo manikyā
dump,verb,ఉంİా,undā
duration,noun,Ħెటుట్,geṭṭu
dust,noun,అంĦొĹో,aṅgoḷō
dust,unknown,heap ĺొకȃడ్,vokalḍi
dusting,noun,ఝడ్  కార్,jhaḍ kār
dwarf,noun,ǷోĬాగ్,pōḍgā
dye,noun,ĩోĳేడ్ĸొ,chōpḍēro
dying,verb,మĸోగ్,margō
dysentery,noun,ĳేట్ Ĩాలేర్,pēṭcālēr
dēk/;,noun,సĺాద్,savād
each,noun,ఏక్ఏక్,ēkēk
eagle,noun,సకార్,sakrā
ear,noun,కాన్,kān
ear,unknown,hole కాĲేర్ ĺేజ్,kānēr vēj
eardrum,noun,గుǹల్,gubli
earns,verb,కమా,kamā
earring,noun,కాĲేర్ కమమ్ల్,kānēr kammal
earth,noun,జǽమ్,jammi
earwax,noun,మĹాķ,maḷāyi
east,noun,లంకా,laṅkā
eastward,noun,హెటాల్  Ȏామ్,heṭāl sām
easy,noun,హొȅయాంత్,hoḷiyānt
eat,noun,ఖాķేర్,khāyēr
eating,noun,ఖాķేర్,khāyēr
edge,noun,కొĲొĸా,konorā
edible,adjective,ఖాķేర్,khāyēr
education,noun,పĬాķ,paḍāyi
effort,noun,కోȋశ్,kōśiś
egg,noun,ఇంĬా,iṇḍā
eight,numeral,ఆట్,āṭ
eighteen,numeral,అటాహ్రఁ,aṭhāram ̐
eighty,noun,అĽిస్,assi
elaborate,adjective,Ĩావ్Ĭో,cvāḍō
elbow,noun,ఖూణి,khūṇi
elder,noun,Ǽయా,bhīyā
elder,noun,ĵొజాķ,bhojāyi
elder,noun,Ȁటాయ్Ĭి,mōṭyāḍi
electricity,noun,కరంట్,karaṇṭ
elegant,adjective,మజాǳ,majāti
elementary,adjective,ధర్అగĬియా,dharagaḍiyā
elephant,noun,ȏǳత్,hātti
eleven,numeral,Ħాయ్రఁ,gyāram ̐
elf,noun,Ƿోటియా,pōṭiyā
eliminate,verb,ǵకళ్,nikaḷ
embers,unknown,from a fire ĵోబర్,bhōbar
emergency,noun,ఆĳిత్,āpti
emigrate,verb,లాద్  జో,lād jō
employer,noun,బామమ్ణ్,bāmmaṇ
empty,noun,సూన్,sūn
enamel,verb,ĺేస్ Ƿాయ్ర్,vēs pyār
encounters,verb,ఖేవ్,khēv
end,adjective,ఆఖర్,ākhar
end,unknown,of the road ĳిలల్ ĺాట్,pilla vāṭ
endless,adjective,కĮార్ķకో,katrāyikō
endure,verb,ఖమ్  లఁ,kham lam ̐
enemy,noun,దుశమ్ణ్,duśmaṇ
energy,noun,జోĸాబ్ర్  ǳ,jōrbār ti
enervation,unknown,కమ్ జోర్,kamjōr
engine,noun,ఇంజణ్,in̄jaṇ
england,proper noun,ఇంĦాల్ండ్,iṅglāṇḍ
english,proper noun,ఇంĦీల్ష్,iṅglīṣ
enrol,verb,శĸిక్,śarik
enter,verb,జో,jō
entertainment,noun,ఖుĻాల్,khuśāl
entrance,unknown,గలామ్,galmā
enumeration,noun,లెకొక్,lekko
environment,noun,ఆస్  ǷాĽెమా,āspāsemā
erase,verb,లూķేర్,lūyēr
eruption,noun,ఫుటేర్,phuṭēr
escape,verb,తǷా,tapā
established,noun,Ȏాథ్ĳిత్,sthāpit
estate,noun,జాĦీర్,jāgīr
eunuch,noun,బాయలా,bāyalā
even,verb,వĮోķ,vatōyi
even,verb,Įోķ,tōyi
evening,noun,Ȏాంజ్,sān̄j
eventually,verb,కొȎాన్,kosān
every,noun,İాĬి,dāḍi
everyone,noun,Ľే,sē
everyone,noun,Ľే  /sē/ హĸేక్,harēk
everything,noun,Ľే,sē
evident,verb,ఛణ్  Ħొ,chaṇgo
evil,noun,İాĲా,dānā
ewes,noun,Ħోĸిల్,gōrli
ex-husband,unknown,అĦిడ్ర్ ఘĸేĺాĹో,agḍir gharēvāḷō
ex-wife,unknown,అĦిడ్ర్ టాంĬిర్,agḍir ṭāṇḍri
exact,adjective,అĽిల్,asli
exactly,verb,ఖĸా  ఖంĬి,kharā khaṇḍi
example,noun,ఉİాȏĸార్,udāhārār
exceed,verb,బĬొగ్,baḍgo
except,adjective,ĸేĦొజకో,rēgojakō
exchange,verb,Ĵేర్,phēr
excuse,verb,మాĴికర్,māphikar
exercise,noun,కస్  రత్,kasrat
existing,verb,ఛూఁ .,chūm̐.
expand,verb,జాİాǸాయ్లేర్,jādāphyālēr
expatriate,verb,ǵకాళ్  İేర్,nikāḷdēr
expenditure,noun,ఖరచ్,kharac
experience,verb,ఢూండ్,ḍhūṇḍ
experienced,unknown,అనుభవ్ ఛఁజకో,anubhav cham ̐jakō
explode,noun,ఫుటేర్,phuṭēr
extend,verb,బĬా,baḍā
extinct,verb,ఫĸాగత్,pharāgat
extortion,noun,నకామ్,nakām
extra,adjective,జాǷాప్,jāppā
extravagant,noun,నకామ్,nakām
extreme,adjective,అȎామ్న్,asmān
extricate,verb,ĩోĬాలేజో,chōḍālējō
exude,verb,చువఁ,cuvam ̐
eye,noun,ఆంకి,āṅki
eyelash,noun,భమర్,bhamra
face,verb,ముణాంగ్  ఆķేర్,muṇāṅg āyēr
factor,noun,సĺాల్  పూంĨేర్,savāl pūn ̄cēr
factory,noun,కాĸాఖ్Ĳా,kārkhānā
fairly,verb,ĲాయĶేǳ,nāyamēti
falling,unknown,ఝĭె,jhaḍhe
falling,unknown,again ఉంİొపĬేర్,undopaḍēr
false,noun,ఆశ,āśa
false,noun,īాȃĺాĮే,ṭhālivātē
fame,noun,బĬొĲామ్,baḍonām
family,noun,ఆȅ,āḷi
famine,noun,కాĹో,kāḷō
fare,noun,ĵావ్,bhāv
farina,noun,కణ్  కి,kaṇki
farm,noun,గుతత్,gutta
farmer,noun,జĶేమ్İార్,jammēdār
fast,adjective,జȃద్,jaldi
fast,adjective,జȃద్  /jaldi/ సపకే,sapakē
faster,verb,సĳేక్,sapkē
fasting,verb,భుకొ  రఁ,bhuko ram ̐
fat,noun,జోర్,jōr
fate,noun,ఘĬి,ghaḍi
father,noun,బాప్,bāp
favour,unknown,ఆసĸో,āsarō
fear,verb,చమక్,camak
fearless,noun,హిమమ్త్,himmat
feather,noun,పంకోĬార్  లటాట్,paṅkōḍār laṭṭā
feathers,noun,ǷొంకొĬార్  లటట్,poṅkoḍār laṭṭa
feature,noun,ఢంగ్,ḍhaṅg
feces,noun,గూ,gū
feed,verb,ఖొĸా,khorā
feel,noun,కేలేర్,kēlēr
feeling,noun,దలేǳ,dalēti
feeling,unknown,giddy ఘేĸి ఫĸేర్,ghēri pharēr
fellow,noun,Ȏోĳిత్,sōpti
female,noun,కెȄడ్,kelḍī
female,unknown,cheetah ǩĮొత్,citto
female,unknown,fox Ȏాȅ,sāḷi
female,unknown,frog ǽటిక్,miṭki
female,unknown,goat ĩేȆ,chēḷī
female,unknown,"horse, mare ǦĬి",ghōḍi
female,noun,సూĸి,sūri
female,noun,İాĽి,dāsi
female,noun,జĲావర్,janāvar
fence,unknown,దĬి,daḍi
fencing,noun,ĺాడ్,vāḍ
fenugreek,noun,Ķెǳత్,metti
fertilizer,noun,దĺా,davā
fever,noun,Įావ్,tāv
few,noun,దĽేస్క్,dassēk
fibre,noun,Ĳార,nāra
fiction,noun,జాణన్,jāṇan
field,noun,కాయ్ĸా,kyārā
fifteen,numeral,పందర్ఁ,pandram ̐
fifty,numeral,పĨాస్,pacās
figure,verb,ఠకుల్,ṭhakul
fill,verb,భర్,bhar
filled,unknown,భĸి,bhari
film,noun,Ľిలామ్,silmā
filtered,adjective,ĩాణ్,chāṇ
final,adjective,ఆఖర్,ākhar
finance,noun,ĳిస,pisa
finding,unknown,లాబేర్,lābēr
fingers,noun,ఆంĦిళ్,āṅgḷi
finish,verb,పూర్  ĺేĦో,pūr vēgō
finishing,adjective,ఆఖర్,ākhar
fire,noun,అంĦార్,aṅgār
fire,unknown,with a gun బందుకేǳ ĵాĹేర్,bandukēti bhāḷēr
firebrand,unknown,ĵొబేర్ర్ ఝాĸా,bhobrēr jhārā
fires,noun,țȅ,hōḷi
firewood,unknown,చూలేర్ లకీడ్,cūlēr lakḍī
first,adjective,ధర్అగĬియా,dharagaḍiyā
first,unknown,half మూంĦాణేర్ ఆİొ,mūṅgāṇēr ādo
first,unknown,husband అĦీడ్ర్ టాంĬేర్,agḍīr ṭāṇḍēr
first,unknown,name ఆĦిడ్యార్ Ĳామ్,āgḍiyār nām
first,noun,అĦీడ్ĸో,agḍīrō
fish,noun,గళ్,gaḷ
fist,noun,ముటిట్,muṭṭi
fit,verb,ĵెĹా,bheḷā
five,numeral,Ƿాంచ్,pān̄c
fix,verb,Ħాలడ్ఁ,gālḍam ̐
flabby,adjective,Ƿోలొ  ĺేĦొజకొ,pōlo vēgojako
flag,noun,ఝంĬా,jhaṇḍā
flat,noun,కూబ్  ఆచ్,kūb āc
flat,unknown,nose ముకిĬి,mukiḍi
fleck,noun,తȃల్,talli
flesh,noun,లావ్Ĺా,lvāḷā
flexible,adjective,నవఁజకో,navam ̐jakō
flitting,noun,వĬోగ్,vaḍgō
floating,verb,తĸోర్,tarrō
flogging,noun,మాĸేర్,mārēr
flood,noun,ఖాĹాయ్,khāḷyā
flooded,noun,కూటేల్Ħొ,kūṭlēgo
floor,noun,జǽమ్,jammi
flour,noun,ఆటో,āṭō
flower,noun,ఫూల్,phūl
flowering,unknown,లాĦే,lāgē
flowing,unknown,Ƿాĸొర్జకో,pārrojakō
fluttering,verb,హలా,halā
fly,noun,మాకిక్,mākki
flying,unknown,బమ్ ĸొ,bamro
fog,noun,ధూķేర్ వస్,dhūyēr vas
fold,noun,ధĬి,dhaḍi
folk,adjective,జానపదం,jānapadaṁ
fondle,verb,చుమజకో,cumajakō
food,noun,ఖాķేర్,khāyēr
foot,noun,టాంగ్,ṭāṅg
foot,noun,ఖోజ్,khōj
footprint,noun,ధప్,dhap
for,verb,ĺాసు,vāsu
for,noun,ĺాసు,vāsu
forceps,noun,ǩమాట్,cimṭā
foreboding,noun,సమమ్ణ్,sammaṇ
forefinger,noun,తగĸాķేర్ ఆంĦిళ్,tagarāyēr āṅgḷi
forehead,noun,తǷాĹో,tapāḷō
foreign,adjective,దుȎొర్,dusro
forever,noun,īేటెĮాణు,ṭhēṭetāṇu
forfeiture,noun,ఖోలొద్,khōldo
forgetfulness,noun,భూలేర్,bhūlēr
forgive,verb,మాĴికర్,māphikar
form,verb,ĺేర్,vēr
forthcoming,adjective,ఆవఁజకో,āvam̐jakō
forthright,verb,సూİో,sūdō
forty,noun,Ĩాȅస్,cāḷis
forward,verb,ఆంగఁ,āṅgam ̐
fossil,noun,ĵాటార్   మురత్,bhāṭār murat
founder,noun,భంİాȂజకో,bhandāyōjakō
fountain,noun,ఊట,ūṭa
foursome,noun,Ĩాĸి,cāri
fourteen,numeral,Ĩౌదఁ,caudam ̐
fourth,unknown,part Ĩార్,cār
fox,noun,ȎాĹాయ్,sāḷyā
fragile,adjective,ĳెడుస్,peḍsu
frame,noun,Ħిరర్,girra
free,noun,Ǹొకట్,phokaṭ
free,noun,సవ్తంతర్ం,svatantraṁ
freely,verb,ఆజాİి,ājādi
fresh,adjective,తడ్  Įేర్,taḍtēr
friction,noun,ఘȎాĸి,ghasāri
from,verb,అĮేత్ǳ,attēti
from,unknown,now అబేబ్ǳ,abbēti
from,unknown,that ఓమాǳ,ōmāti
from,unknown,the front ఆంĦేǳ,āṅgēti
from,verb,ఒǳత్,otti
frost,noun,బరఁĳేర్,baram ̐pēr
fruit,noun,ఫళ్,phaḷ
fuel,noun,Įేల్,tēl
full,noun,పూĸొ,pūro
fullness,noun,Ȏాĸి,sāri
fully,verb,భర్  పూర్,bharpūr
fur,noun,ఊన్,ūn
gaffer,noun,Ĭోకార్,ḍōkrā
gain,noun,Ǹాķేİొ,phāyēdo
gambling,unknown,with cock fighting కుకక్డ్ బాతుత్,kukkaḍ bāttu
gang,noun,జటిట్,jaṭṭi
ganges,unknown,river గంĦా నంİి,gaṅgā nandi
gap,noun,మాķ,māyi
gargle,verb,కలోడ్Ĳాక్,kalḍōnāk
gas,noun,ĺాళ్,vāḷ
gash,verb,Ħీస్,gīs
gate,noun,గలమా,galamā
gateway,noun,Ȁట్  ĺాట్,mōṭvāṭ
gather,verb,ఢూండ్  లా,ḍhūṇḍ lā
gathering,noun,మĹావ్,maḷāv
genealogy,noun,ĳిĬి1,piḍi
generate,verb,జణావఁ,jaṇāvam ̐
genetic,noun,ĳిĬి1,piḍi
get,verb,లా,lā
get,noun,ఢఁķకర్,ḍham̐yikar
get,verb,ఊట్,ūṭ
getting,noun,లా,lā
getting,unknown,finished పూర్ ĺేĦో,pūr vēgō
getting,noun,లేలెన్  ఆ,lēlen ā
getting,unknown,irritated ǩదర్ కĸేర్,cidra karēr
getting,unknown,relieved ఛూట్ Ħో,chūṭ gō
getting,noun,ఊటేర్,ūṭēr
getting,verb,హింజర్  Ħో,hin̄jargō
gift,noun,ఇĲామ్,inām
gill,noun,జాబోడ్,jābḍō
ginger,noun,అదరక్,adarak
girlfriend,noun,Ȏోపత్ణ్,sōptaṇ
girlish,adjective,నరȀ,naramō
give,verb,దఁ,dam̐
give,noun,İేĲాక్,dēnāk
giver,noun,İేĺాĹో,dēvāḷō
giving,noun,İేర్,dēr
giving,verb,జణేర్,jaṇēr
giving,verb,సూķ  మార్,sūyi mār
glass,noun,Ħిలాస్,gilās
glass,noun,ఆĸిస్,ārsi
glisten,verb,ఝాంకోర్,jhāṅkrō
glistening,noun,ఝాంకేర్,jhāṅkēr
glitter,noun,ఝాంకేర్,jhāṅkēr
"glittering,",unknown,flashing ఛంకి,chaṅki
gloom,noun,ȇĨార్,vicār
glow,noun,వజాĹో,vajāḷō
go,unknown,to toilet ȏంగ్,hāṅg
god's,unknown,place; temple,church
godavari,unknown,Ħోİావĸి నంİి,gōdāvari nandi
goggling,unknown,ఖోంకేళ్ర్,khōṅkḷēr
going,unknown,on a fast run ıాఁస్,dhām̐s
gold,noun,ȎోĲో,sōnō
good,adjective,ఆĨొచ్,ācco
good,noun,Ȏొĸేర్,sorēr
good,unknown,words ఆǪచ్ĺాĮే,āccīvātē
goody,verb,ఆచ్,āc
"gore,",unknown,pierce టాంĨేĸొ,ṭān̄cēro
got,unknown,a divorse టూటిగ్జకొ,ṭūṭgijako
got,verb,సుంĮాĦొ,suntāgo
got,noun,ఆĳిర్యాȁ,āpriyāyo
got,verb,Ľీజొగ్,sījgo
got,verb,హూĦో,hūgō
got,noun,సూజోగ్,sūjgō
gourd,noun,తుంǽడ్,tummḍi
governance,noun,Ĳాయకీ,nāyakī
government,noun,సĸాక్ర్,sarkār
grab,verb,ఖోసల్ఁ,khōslam ̐
grain,unknown,İాణా,dāṇā
grand,noun,Ƿోǳ,pōti
grandfather,noun,İాİా,dādā
grandfather's,noun,పడ్  İాİా,paḍ dādā
grandmother,unknown,Ĳాǵ,nāni
grandparent,noun,İాİా,dādā
grant,noun,ధరమ్,dharam
grape,noun,అంగూర్,aṅgūr
grass,unknown,ఖడ్,khaḍ
grasshopper,noun,ǴĬాక్,tīḍkā
grate,verb,చుĸొ  చుĸొ,curo curo
gravel,noun,కంకర,kaṅkara
gravy,noun,ĸాǹడ్,rābḍi
graze,verb,చĸా,carā
grazing,verb,చĸేర్,carēr
grease,noun,ǩకోణ్,cikṇō
great,adjective,బĬి ఆĨొచ్,baḍi ācco
greedy,adjective,ఖావుǾత్,khāvumīt
green,noun,Ħోల్,gōl
greet,noun,నమȎాక్ర్,namaskār
grind,verb,రూప్,rūp
ground,adjective,కాȅ  మĸేచ్,kāḷi marcē
group,unknown,of animals ఖాడు,khāḍu
grouse,noun,గునȎోర్,gunasrō
grow,noun,ధఁķ,dham̐yi
growth,noun,వİోర్,vadrō
guard,noun,కాȇల్,kāvli
guava,noun,ĲారంĦీర్ ఝాడ్,nāraṅgīr jhāḍ
gum,noun,గూంద్,gūnd
gī/,adjective,ఫుటేర్,phuṭēr
gō/;,verb,Ǹోడ్,phōḍ
hair,noun,లటాట్,laṭṭā
half,unknown,way ఆద్ ĺాట్,ād vāṭ
halt,noun,ఠకాణొ,ṭhakāṇo
halve,noun,ఆİొ,ādo
hammer,noun,ȏĮోడ్,hātōḍ
hand,noun,ȏత్,hāt
hand,unknown,over పుంĨాడ్,pun̄cāḍ
hand,unknown,printing ĩొపడద్ఁ,chopaḍdam ̐
handcuffs,noun,ȏత్  కĬి,hātkaḍi
handkerchief,noun,దĽిత్,dasti
handle,noun,ĳిĬి1,piḍi
hang,noun,ǸాంĽి,phānsi
hangover,unknown,for drinking alcohol ǵȎార్,nisār
haphazardly,unknown,కుఁవǯఁ,kum̐vajum ̐
happen,verb,టూట్  పĬేర్,ṭūṭpaḍēr
happening,noun,ĺేĸొ,vēro
hardly,verb,కలొడ్ఠంట్,kalḍoṭhaṇṭ
harmonize,verb,సంజాķేర్,san̄jāyēr
harness,adjective,ఉంపĸేర్,umparēr
harrow,noun,గూంటాక్,gūṇṭkā
hart,noun,ǩతల,citala
harvest,noun,కాటేర్,kāṭēr
hatch,verb,Ľేవ్ ĸీఛఁ,sēvrīcham ̐
hatred,noun,ĸీస్,rīs
haunt,noun,ǩంĮాణి,cintāṇi
having,verb,ĳీĹోజరత్,pīḷōjarat
having,noun,ఆĨొచ్  Ħొణ్,ācco goṇ
having,unknown,illegal relations హȆగ్,haḷgī
having,unknown,muscles మాఁస్ భĸొ,mām̐s bharo
having,unknown,no way out ĺాట్ లాబేǵ,vāṭ lābēni
having,adjective,ǭĶెమ్İాĸి,jimmedāri
hazard,noun,ఖĮార్,khatrā
haze,adjective,అంİాĸొ,andāro
he,noun,ఈ,ī
he,unknown,has come ఆన్ పĬి,ānpaḍi
he,unknown,has given İీĲో,dīnō
he,noun,కేĸో,kērō
he,unknown,lost ఖోĹొద్,khōḷdo
head,verb,బడ్  జాķేర్,baḍjāyēr
head,verb,బడ్  జాķేర్  /baḍjāyēr/  మాĮే,mātē
head,noun,మాȃక్,mālik
healthily,verb,Ǯĺేǳ,jīvēti
heap,noun,ఢఁķకర్,ḍham̐yikar
hear,verb,Ȏామళ్,sāmaḷ
heart,noun,İిల్,dil
heat,verb,ĮాĮొ,tāto
heavy,unknown,rain పకొక్Ƿాణి,pakkopāṇi
heavy,noun,Ƿాణీర్ ĺొంĦొల్,pāṇīrvoṅglo
hedge,noun,కొĸాĬి,korāḍi
height,noun,ఉంచఁ,un̄cam̐
heir,noun,ĺేల్,vēl
hell,noun,నరకం,narakaṁ
hemming,noun,అంచున్  Ħాంటేర్,an̄cun gāṇṭēr
hen,noun,కుకిడ్,kukḍi
herd,verb,మĹావ్,maḷāv
hereinafter,noun,అతత్ఁ,attam̐
hermit,noun,ముǵ,muni
hernia,noun,Ĭావ్Ĭో,ḍvāḍō
hero,verb,ĺేĸాళు,vērāḷu
hidden,adjective,జతన్,jatan
hide,verb,ఘూస్,ghūs
hiding,unknown,place ఘూఁ Ľెర్ జాగ్,ghūm̐ serjāg
higher,unknown,caste Ȁట్ జాత్,mōṭjāt
highest,unknown,వుంĨేర్,vun̄cēr
hip,noun,గూలేర్  హడక,gūlēr haḍaka
his,adjective,ఓర్,ōr
history,noun,చĸిత,carita
history,unknown,of nature పర్కృǳ చĸితర్,prakr ̥ti caritra
hit,verb,లĦా,lagā
hit,verb,లĦా  /lagā/ hit this  ķేన్ మార్,yēn mār
hold,verb,Ǭప్,chīp
hold,verb,Ǭప్  /chīp/ ఝలన్,jhalan
hole,noun,ĺేజ్,vēj
hole,noun,బరమ్,barma
holi,noun,țȅ,hōḷi
holiday,unknown,ఛుటిట్,chuṭṭi
hollow,noun,ĵొల్  Ħా,bholgā
holster,noun,ĳిȎోత్లేర్  చంǩ,pistōlēr can ̄ci
honey,verb,మంĦాలొ,maṅgālo
hood,noun,టోĳి,ṭōpi
hook,verb,లĦాడ్,lagāḍ
horde,noun,ĮాంĬో,tāṇḍō
horn,noun,Ľీంగ్,sīṅg
hornet,noun,టాటియ,ṭāṭiya
hospital,noun,దĺాఖాĲా,davākhānā
hostile,adjective,ȏటో,hāṭō
hot,noun,țట్  ఫĹేĸొ,hōṭphaḷēro
hotly,verb,ĮాĮొ,tāto
house,noun,ఘర్,ghar
household,noun,ఘర్  బార్,gharbār
housewife,noun,ఘĸావ్ȅ,gharvāḷi
how,noun,కుంకన్,kuṅkan
how,noun,కǳర్,katri
however,noun,పకాక్,pakkā
howl,noun,కికాటి,kikāṭi
hug,noun,బకిడ్,bakḍi
humanity,noun,మానవత్,mānavat
humpback,noun,కూబోడ్,kūbḍō
hunch,noun,కూబోడ్,kūbḍō
hundred,numeral,Ȏో,sō
hundred,noun,Ȏో హపత్,sō hapta
hunt,noun,ļికార్,ṣikār
hurdle,verb,ఆĬో,āḍō
husband,noun,ఘĸేĺాĹో,gharēvāḷō
husband's,noun,İేవర్,dēvar
husk,noun,Ƿొర,pora
hut,noun,ఝూంĳీడ్,jhūmpḍī
hysterical,adjective,అĺార్,avār
i,noun,మఁ,mam̐
i,verb,ఛూఁ .,chūm̐.
i,verb,సమాళ్  లఁ,samāḷlam ̐
i,verb,మాలంకర్  ȃİొ,mālaṅkarlido
i,verb,İీĲో,dīnō
i,noun,ఆĸోచూఁ,ārōcūm ̐
i,unknown,will give దూఁచు,dūm̐cu
idea,noun,ఓడుప్,ōḍpu
if,unknown,not this ఈ నఁĮో,ī nam̐tō
if,verb,Įొ,to
ignite,verb,ఉĨాళ్ķేర్,ucḷāyēr
iguana,noun,Ħోķ,gōyi
ill,noun,వంĦెద్ǵ,vaṅgdeni
illness,noun,İోకేǳ,dōkēti
illustration,verb,కĹా,kaḷā
image,noun,ĩాంĬి,chāṇḍi
imagination,noun,సపĲో,sapanō
immediately,verb,జĲాన్జ్,jannāj
immensely,verb,జాǷాప్,jāppā
immersion,noun,డబోళ్,ḍabōḷ
imminent,adjective,ఆవజకో,āvajakō
immortal,unknown,మావ్త్ ĩేǵజకొ,mvāt chēnijako
immovable,verb,హమాల్,hamlā
impartial,adjective,ఇమాĲేǳ,imānēti
implement,unknown,అమల్ కర్,amal kar
impossible,unknown,ĺేǵజకొ,vēnijako
impotence,noun,బాయలా,bāyalā
impregnate,verb,ధస్,dhas
improbable,adjective,ĺేǵజకొ,vēnijako
improvement,adjective,బĬేర్,baḍēr
impurity,noun,కȃత్,kalti
in,verb,మాķ,māyi
in,unknown,detail కĹాన్,kaḷān
in,noun,అంİాĸేమా,andārēmā
in,unknown,the sleep ǵంİేమా,nindēmā
in,noun,ఉందుమా,undumā
inaccurate,adjective,జాణన్,jāṇan
inadvertently,verb,భుల్  చుక్,bhulcuk
inane,adjective,సూĲోభట్,sūnōbhaṭ
inanimate,adjective,వంĦాķేǵ,vaṅgāyēni
inaudible,adjective,అటాķేǵ,aṭāyēni
inch,noun,ఇంచ్,in̄c
inch,noun,ఇంచ్ /in̄c/ ĳేĸి,pēri
incident,noun,సంఘటన్,saṅghaṭan
incompatible,adjective,ఝఁĶేǵ,jham̐mēni
incomplete,unknown,హుķకొǵ,huyikoni
independent,verb,ఆజాİి,ājādi
indigestion,noun,అǮĸిత్,ajīrti
indirectly,verb,పర్  పుట్,parpuṭ
indispensability,noun,జరూర్,jarūr
indisposed,adjective,Ĳాĸాజ్,nārāj
infecting,unknown,లాĦిగ్,lāggi
infinite,adjective,ĭోĦాల్,ḍhōglā
inflammation,noun,țȅ,hōḷi
inflate,verb,ఊంపణ్,ūmpaṇ
infuse,verb,జణావఁ,jaṇāvam ̐
inhabitant,noun,ఘĸేĺాĹో,gharēvāḷō
inhalation,noun,ఖాయ్ంĨేర్,khyān ̄cēr
inherit,verb,ఆవజకో,āvajakō
injury,noun,గుǽడ్,gumḍi
injustice,noun,అĲాయ్ķ,anyāyi
inner,noun,Ǯĺెమార్  ఆంగ్,jīvemār āṅg
insatiable,adjective,ఆపచ్  Ĳా,āpacnā
insert,verb,ధరస్,dharas
inside,verb,మాķ,māyi
insolence,noun,గరబ్,garab
inspection,noun,ఖావ్లే,khvālē
instruct,verb,Ľీఖ్,sīkh
insure,unknown,Ǽమాకర్,bhīmākar
insusceptible,adjective,వంĦెద్ǵ,vaṅgdeni
intelligent,unknown,person ఙాఞ్ĲేĺాĹో,ṅñānēvāḷō
intentionally,verb,చవణుకన్,cavaṇukan
interest,noun,ఖాతర్,khātar
interest,unknown,in the job Ĳౌకĸిపర్ ĺాలొ,naukaripar vālo
interior,noun,ĩేĬార్,chēḍār
interrupt,noun,ఆĬొఆķేర్,āḍoāyēr
intestine,noun,ఆంతర్,āntar
into,verb,సందĸేమా,sandarēmā
introduce,verb,పĸిĨొ,parico
introduce,verb,పĸిĨొ /parico/  ĳైĨాĲొకĸేĸొ,paicānokarēro
introduction,verb,మాలం,mālaṁ
introductory,adjective,మాలం  ఛఁజకో,mālaṁ cham ̐jakō
invent,verb,ఢూండ్,ḍhūṇḍ
inverted,adjective,వటొల్,vaṭlo
involve,noun,డూబోగ్,ḍūbgō
iron,noun,లోȂ,lōyō
iron,unknown,chain to shut the door ఖడక్,khaḍka
irritate,verb,హĬాక్ర్,haḍkār
is,noun,తుకఁ ?,tukam ̐?
it,verb,జాĸి,jāri
it,verb,పూర్  ĺేĦో,pūr vēgō
it's,noun,ఓర్,ōr
itch,noun,ఖాజ్,khāj
i̇ేక్,unknown,,navan dēk
jaundice,noun,ĳిȅయ,piḷiya
jaw,noun,జాబోడ్,jābḍō
jelly,adjective,ǩకోణ్,cikṇō
jenny,unknown,గİిద్,gaddi
jewelery,noun,Ħాయ్ణొ,gyāṇo
jingle,verb,బోల్,bōl
job,noun,Ĳౌకĸి,naukari
join,verb,జతకర్,jatakar
joint,noun,ఖీల్,khīl
journey,noun,İౌĸా,daurā
judgement,noun,తǷాశ్,tapśā
judgement,noun,తǷాశ్   /tapśā/  నȎాబ్,nasāb
juice,noun,ఫల్  చు,phalcu
july,noun,Ȏాత్  Ķే ǾĲా,sātmē mīnā
jump,noun,కుİేĸొ,kudēro
junction,noun,ĨౌరȎాత్,caurastā
jungle,noun,జంగల్,jaṅgal
just,verb,అŏాహ్ల్,abhhāl
just,unknown,escape జĸార్మా డగĸిగ్,jarrāmā ḍagargi
jā/;,verb,Ǹోడ్,phōḍ
jō/;,verb,ĩేటికర్,chēṭikar
kar/,verb,జȃద్,jaldi
karēr/,verb,కూట్,kūṭ
kerosene,noun,ĦాĽేత్ల్,gāstēl
key,noun,ముఖయ్,mukhya
kick,verb,మాĸోల్,mārlō
killer,noun,ఖూǵఖోర్,khūnikhōr
killing,noun,మాĸాన్కేర్,mārnākēr
kind,unknown,of deer జంగలేర్ Ħోĸిల్,jaṅgalēr gōrli
kind,noun,బోర్,bōr
king's,noun,ఘడ్,ghaḍ
kingdom,noun,ĸాజయ్ం,rājyaṁ
kite,noun,ఘూడ్,ghūḍ
knee,noun,ĦోĬొ,gōḍo
kneel,noun,పగుపĬేర్,pagupaḍēr
knife,noun,ఛఁĸి,cham̐ri
knot,noun,Ħాంట్,gāṇṭ
know,verb,మాలంచఁజకో,mālan ̄cam̐jakō
known,adjective,అİోడచ్జకొ,adōḍcajako
known,noun,మాలం  ఛఁజకో,mālaṁ cham ̐jakō
krishna,unknown,river కృȍాణ్ నంİి,kr̥ṣṇā nandi
label,unknown,కాంİార్ Ƿాన్,kāndār pān
labour,noun,కూȃ,kūli
lack,noun,కాĹో,kāḷō
ladle,noun,కొĬిచ్,koḍci
lady,noun,Ĳాయకణ్,nāyakaṇ
lake,noun,కూండ్,kūṇḍ
lakh,noun,లాక్,lāk
lamp,noun,İీȂ,dīyō
land,noun,జాగ్,jāg
land,noun,İేశ్,dēś
landowner,noun,జĶేమ్İార్,jammēdār
lantern,noun,İీȂ,dīyō
lap,noun,Ħోİెమా,gōdemā
large,noun,పకొక్,pakko
larger,unknown,one Ȁట్,mōṭ
larva,unknown,పుర్ పూంĨాయ్,purpūn ̄cyā
lass,noun,నవ్  జĺాǵ,navjavāni
last,adjective,కోస,kōsa
latest,adjective,నĺోవ్నకోక్ర్,navvōnakkōr
laugh,verb,ȏఁస్,hām̐s
law,noun,ధరమ్,dharam
lawyer,noun,వకిల్,vakil
lazy,noun,టాĹా  ఖాĸొ,ṭāḷā khāro
lead,verb,Ĩాల్,cāl
leafy,unknown,green హĸో,harō
leafy,noun,ĵాǭజ్,bhājji
leak,noun,గంĬి,gaṇḍi
leakage,noun,చూĸొ,cūro
lean,adjective,నవ్  Ħో,navgō
learn,unknown,Ľీఖ్,sīkh
leave,verb,ĩోడ్,chōḍ
leaven,noun,ĦాĹేర్,gāḷēr
leaves,noun,Ƿాన్,pān
lecture,verb,పĨార్,pacār
ledger,unknown,గణేర్ ĺై,gaṇēr vai
left,adjective,Ĭావ్,ḍāv
leg,noun,టాంగ్,ṭāṅg
legion,noun,పటాళం,paṭāḷaṁ
leisure,noun,ఛూట్  ĺేĹా,chūṭvēḷā
lens,noun,ఆĸిస్,ārsi
leprosy,unknown,కుļిట్,kuṣṭi
less,verb,కమ్,kam
lesser,adjective,దĽేస్క్,dassēk
let's,unknown,go జాఁవఁ,jām̐vam̐
let's,verb,కూİాఁ,kūdām ̐
letter,noun,కారట్,kāraṭ
letting,noun,జాķెదఁ,jāyedam ̐
liberty,noun,ముకిత్,mukti
lick,noun,Ĩాట్,cāṭ
lid,noun,భూĨొన్,bhūcno
lie,noun,అĬేక్ర్,aḍkēr
life,noun,ఉమర్,umar
life,unknown,long ఉమర్ భĸొ,umar bharo
lift,unknown,it and show Ƿాడన్ İికాళ్,pāḍan dikāḷ
lift,verb,Ƿాలడ్ఁ,pālḍam ̐
lifting,verb,వటాడ్,vaṭāḍ
light,noun,జోత్,jōt
light,noun,ǼĲొరంగ్,bhīnoraṅg
light,adjective,హొȅఫూల్,hoḷiphūl
like,noun,సమమ్త్,sammat
like,noun,సమమ్త్   /sammat/  సĸీక్,sarīk
like,verb,హను,hanu
like,verb,హనూజ్,hanūj
like,adjective,ఛఁ,cham̐
likely,adjective,ĺేĺాళ్,vēvāḷ
limit,noun,Ħెటుట్,geṭṭu
limp,verb,ఖొĬా,khoḍā
line,noun,కీర్,kīr
line,noun,Ȏాల్,sāl
link,adjective,ĵేĹే,bhēḷē
lion,noun,జĲావర్,janāvar
lip,noun,țట్,hōṭ
liquid,noun,Ƿాణీ,pāṇī
list,noun,జాǹĮా,jābitā
listless,noun,బĲా  జోĸేర్,banā jōrēr
lit,unknown,the fire అంĦార్ ఘాల్,aṅgār ghāl
litter,noun,ĦాĬి,gāḍi
little,adjective,దĽేస్క్,dassēk
live,unknown,Ǯవణి,jīvaṇi
lively,verb,Ǯĺేǳ,jīvēti
liver,noun,కొĹోజ్,koḷjō
living,noun,ĸేĸొ,rēro
lizard,noun,కిర్ కింĬో,kirkiṇḍō
loan,noun,బాకి,bāki
lock,noun,కుంǭ,kun̄ji
lodge,noun,ఠకాణొ,ṭhakāṇo
loft,noun,అటుక్,aṭku
log,noun,లాకడ్,lākaḍ
loneliness,noun,ĩాయ్ంట్,chyāṇṭ
long,adjective,ధర్అĦిĬియా,dharagiḍiyā
long,unknown,horns Ȁట్ ĽింĦేĺాళ్,mōṭsiṅgēvāḷ
long,unknown,pole to propel a boat పడĺార్ Ĩాటుట్,paḍavār cāṭṭu
long,noun,Ĩాటుట్,cāṭṭu
longings,noun,ĺాట్   జో,vāṭ jō
look,noun,దరశ్న్,darśan
looking,unknown,seriously కాటో İెకేర్,kāṭō dekēr
loose,noun,Ƿోలొ 1,pōlo
lose,verb,ȏĸొగ్,hārgo
losing,noun,ఖోİీĲో,khōdīnō
losing,verb,Ǹాట్  Ħొ,phāṭgo
loss,verb,బూĬొగ్,būḍgo
lotion,noun,Įేల్,tēl
loud,verb,జోĸిత్,jōrti
louse,noun,ǰఁ,jūm̐
love,verb,Ƿాయ్ర్ 1,pyār
lover,noun,Ƿాయ్ĸి,pyāri
lovers,noun,Ƿాయ్ర్ 1,pyār
low,unknown,air pressure ఝĬీ మాĸిర్,jhaḍī mārri
luck,noun,నĽీబ్,nasīb
lunch,unknown,ȋĸావణ్,śirāvaṇ
lungs,noun,Ǹాయ్ంǷొర్,phyāmpro
lust,noun,మĽిత్,masti
lustre,noun,Ȉజేఖĺేర్,vījēkhavēr
mad,noun,యాంĬి,yāṇḍi
madam,noun,Ĳాయకణ్,nāyakaṇ
made,unknown,as right సȀర్ కిİే,samōr kidē
madness,noun,హĬొక్,haḍko
magic,noun,ĦారĬి,gāraḍi
main,unknown,leader ȀటొĲాయక్,mōṭonāyak
main,noun,ఖాస్  మత్  లబ్,khās matlab
maintain,noun,Ĩాల్,cāl
maintenance,noun,Ƿాళ్ 1,pāḷ
maize,noun,జాయ్ర్,jyār
maize,unknown,plant జాĸేర్ ĸాĬా,jārēr rāḍā
make,unknown,as bulge ఆపర్ఁǯ కర్,āpram ̐ju kar
make,verb,వలాదఁ,valādam ̐
make,noun,ǹగĬాķేర్,bigaḍāyēr
make,unknown,fast ఛĳెక్,chapke
make,unknown,flour ఆటో కĸేర్,āṭō karēr
make,noun,మసక్ĸి,maskari
make,unknown,into a soft ball ముదద్కర్,muddakar
make,verb,ఖులాĲాక్,khulānāk
make,noun,బలాల్కర్,ballākar
make,unknown,smoke ధూఁకర్,dhūm̐kar
make,verb,సర్  కా,sarkā
making,noun,హలా,halā
making,unknown,a target Įాకేĸొ,tākēro
making,unknown,a tomb or grave గత్ ĵాంత్,gatbhānt
making,unknown,curry లొంĦావ్ణ్ కĸేర్,loṅgvāṇ karēr
making,unknown,excuses బĬాన్,baḍān
making,noun,బలాల్కర్,ballākar
making,unknown,level మటర్ంĦి,maṭraṅgi
making,noun,ȏల్,hāl
making,verb,హఁȎాస్డ్,ham̐ssāḍ
making,verb,కెĸా,kerā
making,verb,హǷాక్İిĲో,hapkādinō
male,unknown,"cat, tomcat ǹȎాస్",bissā
male,noun,బకార్,bakrā
male,unknown,"pig, boar సూర్",sūr
male,noun,భకిత్ కĸెĺాĹో,bhakti karevāḷō
man,noun,ఆİీమ్,ādmī
manda/;,noun,మĹావ్,maḷāv
mandate,noun,ఆజఙ్,ājṅa
manger,noun,Ħోలమ్,gōlam
manner,noun,ఢంగ్,ḍhaṅg
manufactured,adjective,కిİొజకొ,kidojako
manure,noun,ఒకొȃడ్,okolḍi
map,noun,పటాల్,paṭāl
march,noun,ధరమ్,dharam
mark,noun,ఖాయ్ల్,khyāl
market,noun,అంగĬి,aṅgaḍi
maroon,verb,జోķవఁ,jōyivam ̐
marriage,noun,ĺాయా,vāyā
married,unknown,woman నĽేట్,nasēṭ
marrow,noun,ǽంǭ,min̄ji
marsh,noun,కిచȃడ్ జాగ్,kicalḍi jāg
martin,noun,మాİేర్ లట్,mādērlaṭ
masculine,unknown,మరద్,marad
mash,noun,చూĸొ,cūro
mask,noun,ఘూంగ్   టో,ghūṅgṭō
mason,unknown,సుĮాĸి,sutāri
master,noun,పూజాĸి,pūjāri
mat,noun,మĹావ్,maḷāv
mate,verb,Ȏాǳ,sāti
material,noun,Ǫజ్,cīj
maths,unknown,గణిǳ Ļాసర్ưం,gaṇiti śāsrtaṁ
matrimony,noun,ĺాయా,vāyā
matter,noun,ఖబర్,khabar
maw,noun,ĳేట్,pēṭ
maybe,verb,వచకాķకో,vacakāyikō
meal,noun,ఖొĸాకి,khorāki
meaning,noun,అİోడ్,adōḍ
meaningful,unknown,సమజ్ వǰ,samajvajū
meaningless,adjective,అİోడ్  ĩేǵజకొ,adōḍ chēnijako
meaningless,noun,īాȃĺాĮే,ṭhālivātē
meanly,verb,ఖĸాప్,kharāp
mechanism,noun,ǽĽిన్,misni
medical,unknown,treatment ఇలాజ్,ilāj
medicine,unknown,ఝాడ్,jhāḍ
medicines,noun,దĺాķ,davāyi
meet,noun,భĹెగ్,bhaḷge
men,noun,టాంĬేర్,ṭāṇḍēr
mental,unknown,state మన్ గǳ,mangati
mere,noun,ఎకక్జ్,ekkaj
merge,verb,Ĭొబళ్,ḍobaḷ
messy,unknown,at work Ǭంట్ ĩాంట్,chīṇṭ chāṇṭ
midday,unknown,ఖాస్ İొĳెప్ర్,khās dopper
middle,unknown,వĨేచ్ĸొ,vaccēro
middle,noun,వĨెచ్ర్ ఆంĦిల్,vaccer āṅgli
middle,unknown,son వĨెచ్ట్ బేటా,vacceṭ bēṭā
middleman,noun,వĨేచ్ల,vaccēla
midnight,noun,ఆజార్త్,ājrāt
might,verb,ĸేĺాసు,rēvāsu
mighty,adjective,జాĬొ,jāḍo
migrating,noun,లదణి,ladaṇi
mild,noun,దĽేస్క్,dassēk
milk,noun,దూద్,dūd
mill,noun,Ħిĸిన్,girni
mind,noun,అకల్,akal
mindful,noun,జాగన్,jāgan
mineral,noun,ఖǵజం,khanijaṁ
mint,noun,పుİీĲా,pudīnā
minute,noun,ఘĬి,ghaḍi
miracle,adjective,టావ్ȅమాĸ ేర్,ṭvāḷimārēr
mirror,noun,ఆĸిస్,ārsi
miscellaneous,adjective,ǫĸాల్,chirlā
mischief,noun,గడ్  బడ్,gaḍbaḍ
mischievous,noun,Ľీంటి,sīṇṭi
misfortune,noun,బే కిసమ్త్,bē kismat
mishap,noun,టకక్ర్,ṭakkar
mixed,unknown,with copper colour భూర్ రంĦేర్,bhūr raṅgēr
mixing,noun,ఏక్  కĸేర్,ēkkarēr
mobilize,verb,ఢఁķకర్,ḍham̐yikar
moment,noun,ఘĬియా,ghaḍiyā
monetary,noun,రĳియా,rapiyā
money,noun,ĳిస,pisa
money,unknown,box ǳజోĸి,tijōri
money,noun,లాంచ్,lān̄c
monk,noun,సĲాయ్Ľి,sanyāsi
monkey,noun,ĺాంİిర్,vāndri
mono,adjective,ఎకక్జ్,ekkaj
monster,noun,İాĲా,dānā
month,noun,ǾĲా,mīnā
monthly,adjective,ǾĲామా,mīnāmā
mood,verb,Ȏొర్,sor
moon,noun,Ĩాంద్,cānd
moor,noun,Ķైİాన్,maidān
moral,noun,ǵయత్,niyat
morass,noun,కీన్చ్,kīnc
more,adjective,జాİాఁ,jādām ̐
morning,noun,పĸాబ్ǳ,parbāti
mosque,noun,Ǿయార్  İేవళ్,mīyār dēvaḷ
mosquito,noun,మాఛఛ్ర్,māchchar
moss,noun,కాంǭ,kān̄ji
mother's,noun,మాĽి,māsi
motion,noun,సĸేక్ĸో,sarkērō
motions,noun,ĳేట్ Ĩాలేర్,pēṭcālēr
motor,noun,ĦాĬి,gāḍi
mountain,noun,పȏడ్,pahāḍ
moustache,noun,మూĨే,mūcē
mouthful,adjective,మూంĬోబరన్,mūṇḍōbaran
move,verb,సర్  కా,sarkā
move,noun,అటకఁĹేǳ  సరక్,aṭakam ̐ḷēti sarak
much,adjective,కĮార్ķకో,katrāyikō
mud,adjective,కిచలొడ్,kicalḍo
muddy,unknown,soil కీంĨేĺాళ్ జǽమ్,kīn̄cēvāḷ jammi
muffle,verb,ĭాంక్,ḍhāṅk
mug,noun,లోట,lōṭa
murder,noun,మాĸాన్కేర్,mārnākēr
murderer,noun,ఖూǵఖోర్,khūnikhōr
murmur,noun,గున్  గున్  కĸేర్,gun gun karēr
murmur,noun,గున్  గున్  కĸేర్ /gun gun karēr/  muscles  మాస్,mās
mushroom,unknown,Ħాజే,gājē
music,noun,Ħీద్,gīd
musical,unknown,instrument సంĦీతĶేర్ ȇȎార్,saṅgītamēr visrā
muslim,proper noun,ǽయా,miyā
mustard,noun,ĸాఁķ,rām̐yi
mute,noun,గూంĦొ,gūṅgo
mutton,noun,డȅ,ḍaḷi
myna,noun,గర్ కోȃ,garkōli
mār/;,verb,Ĵేర్,phēr
name,noun,Ĳామ్,nām
name,unknown,of a person ఆİీమ్ర్ Ĳామ్,ādmīr nām
namesake,unknown,మాణి మాణి,māṇi māṇi
narrow,adjective,ఢఁķ,ḍham̐yi
nature,noun,Ħొణ్,goṇ
"nature,",noun,పర్కృǳ,prakr ̥ti
navel,noun,సుంటి,suṇṭi
near,noun,ఢఁķ,ḍham̐yi
nearness,noun,ఢఁķ,ḍham̐yi
neck,noun,కాంİా,kāndā
necklace,noun,ȏర్,hār
needle,noun,సూķ,sūyi
negative,verb,వటొల్,vaṭlo
neighbours,verb,Ȏామ్,sām
nephew,noun,ĵాణ్  జో,bhāṇ jō
nest,noun,ఖోĬొ,khōḍo
net,noun,ఝాళ్,jhāḷ
new,noun,నĺొవ్,navvo
newly,verb,నĺొవ్,navvo
news,noun,ఖబర్,khabar
newspaper,noun,కాగద్,kāgad
next,adjective,పĨేచ్ర్,paccēr
nice,adjective,కూబ్  ఆచ్,kūb āc
nicely,verb,అȎామ్న్,asmān
nick,noun,జేల్,jēl
night,unknown,ĸాత్,rāt
nine,numeral,నవ్,nav
nineteen,numeral,వĦీణ్స్,vagṇīs
ninety,numeral,నవద్,navad
no,verb,మత్,mat
no,unknown,shelter బĲాగĮేĸొ,banāgatēro
noble,adjective,ఆచ్,āc
northward,verb,ఢఁķ,ḍham̐yi
nose,noun,Ĳాక్,nāk
nose,noun,ఫులా,phulā
not,verb,కోǵ,kōni
not,unknown,being tired ȏర్ ĩేǵ,hārchēni
not,verb,పుĸేవ్ǵ,purvēni
not,adjective,బĬేǵ,baḍēni
not,unknown,that much అĮార్కొǵ,atrākoni
not,verb,కĹేǵజకొ,kaḷēnijako
note,noun,ǩలుకు,ciluku
noun,noun,ĲాĶేన్ వĮాķెర్,nāmēn vatāyer
nourishment,verb,ıాపన్,dhāpan
now,noun,అబబ్ఁ,abbam ̐
now,verb,జĲాన్ర్  జనన్,jannār janna
numb,unknown,బటట్ర్,baṭṭar
number,noun,ఆంక్,āṅk
nurse,noun,Ľేĺా,sēvā
oat,noun,భలుడ్,bhalḍu
obedient,noun,మǵǽ,manimi
observe,verb,İేకూ  కర్,dēkū kar
obstruct,verb,ఆడం  ఆķేర్,āḍaṁ āyēr
obvious,noun,ĺాĮేకĸేĺాĹో,vātēkarēvāḷō
occupy,verb,ఖబాజ్,khabjā
ocean,unknown,Ȁటొసమ్ దర్,mōṭosamdar
of,noun,మసక్ĸి  /maskari/  రమాĬేర్,ramāḍēr
of,verb,ఓర్,ōr
of,noun,మĸాచ్,marcā
of,adjective,Ľేర్,sēr
offence,noun,ǯర్  మాన,jurmāna
offer,verb,Ƿొȃమార్,polimār
offering,noun,ĩోĬేర్,chōḍēr
office,noun,దņత్ర్,daphtar
oil,noun,Įేల్,tēl
okra,noun,ǻండ,bhiṇḍa
old,adjective,ǰĲో,jūnō
old,noun,బుĬొ,buḍo
omlette,unknown,భూంజొ,bhūn̄jo
on,unknown,it ఓపర్,ōpra
on,unknown,our own అప్ ణేǳ అపణ్,apṇēti apaṇ
once,unknown,ఏక్ Įావ్ķ,ēktvāyi
one,numeral,ఏక్,ēk
one,unknown,among us ఆపణేమ ఏక్,āpaṇēma ēk
one,noun,ఎకక్జ్,ekkaj
one,unknown,thing ఎకిక్నఁ,ekkinam ̐
one,unknown,to one ఎకీన్ ఏక్,ekīn ēk
one,noun,పలుగు,palugu
one,unknown,which being told కజకొ,kajako
one,noun,నĺేĸొ,navēro
one's,noun,పుటే,puṭē
ones,noun,ఎకిక్ర్,ekkir
ones,adjective,ఆవఁజకో,āvam̐jakō
onion,noun,కాంİా,kāndā
only,adjective,ఎకక్జ్,ekkaj
only,verb,ధĽెస్కజ్,dhassekaj
only,verb,ఎకక్జ్,ekkaj
only,unknown,one person ఏకేల్నఁ,ēklēnam ̐
ooze,verb,చూȂ,cūyō
oozing,noun,ȎాంĦేళ్ర్,sāṅgḷēr
open,verb,ఖావ్ళల్ఁ,khvāḷlam ̐
open,verb,వİోడ్,vadōḍ
opening,noun,ఖొĹేర్,khoḷēr
opening,noun,అĸార్నఁ ఖోళ్,arrānam ̐ khōḷ
openly,verb,ఖులల్ంఖులల్,khullaṅkhulla
operation,unknown,ఆĳేర్శన్,āprēśan
opportunity,noun,İాĬొ,dāḍo
oppose,verb,హటా,haṭā
optic,noun,నంజర్,nan̄jar
or,verb,నĮో,natō
orange,noun,సంĮార్ల్,santrāl
orbit,noun,ఘేరన్,ghēran
organic,noun,లోȂ,lōyō
organization,noun,మĹావ్,maḷāv
origin,noun,సరు,saru
orphan,noun,గǳĩేǵ,gatichēni
other,noun,దూĽేర్,dūsrē
otherwise,verb,ǵకాణ్,nikāṇ
out,verb,ĩోడ్  /chōḍ/ ĩోణాక్,chōṇāk
outburst,verb,ఫుటేర్,phuṭēr
outcry,verb,ĸాǽర్,rāmri
outer,adjective,ఉంపర్ఁ,umpram ̐
outline,noun,రూప్,rūp
outmoded,adjective,ǰĲో,jūnō
oven,noun,īికిర్,ṭhikri
over,adjective,పూర్  ĺేĦో,pūr vēgō
overthrow,verb,Ǹాంక్  దఁ,phāṅk dam ̐
owl,noun,ǩǹర్,cibri
own,adjective,ఓర్,ōr
owner,noun,ఘĸేĺాĹో,gharēvāḷō
pace,noun,జాķేĸొ,jāyēro
packet,noun,పూȅ,pūḷi
pain,noun,దుక్,duk
pair,noun,జోĬి,jōḍi
paisa,proper noun,ĳిస,pisa
pakaḍ/;,noun,ĽిĽి,sisi
"palace,",unknown,castle ĸాజ్ మంİీర్,rāj mandīr
palm,noun,ȏǳళ్,hātḷi
palm,unknown,fruit ఖǯĸి,khajuri
palmistry,noun,జాతకం,jātakaṁ
pan,noun,Ȏాĸి,sāri
pancreas,noun,ĳిĮొత్,pitto
papaya,noun,Ƿాపడ్  కాయ,pāpaḍ kāya
paper,noun,ǩలుకు,ciluku
paralysis,noun,ĳైశచ్ĺాతం,paiścavātaṁ
pare,verb,ĩోల్,chōl
parliament,noun,Ƿారల్Ķెంట్,pārlameṇṭ
parrot,noun,ǩలక్,cilka
part,verb,ఛూట్  జో,chūṭ jō
partiality,noun,వలప్చనం,valpacanaṁ
participant,noun,భĹొగ్జకొ,bhaḷgojako
particular,adjective,ఆచ్,āc
partner,unknown,హిȎాస్İార్,hissādār
parts,noun,ĵాĦే,bhāgē
party,noun,ఖొĸాకి,khorāki
pass,noun,Ƿాస్  ĺేĦో,pās vēgō
paste,verb,చుంటాడ్,cuṇṭāḍ
pasture,noun,Ķేత,mēta
paternal,noun,ఫుĳిర్,phupir
patience,noun,ఒĳిక్ƺ,opkyi
patio,noun,మంĬావ్,maṇḍvā
pattern,noun,ఓరన్ķ,ōrnayi
pay,verb,İేĲాక్,dēnāk
payment,noun,İేర్,dēr
peep,verb,నవన్  İేక్,navan dēk
pen,noun,Ƿొంటి,poṇṭi
penalty,noun,Ĭాండ్,ḍāṇḍ
penance,noun,తపస్,tapas
people,unknown,జన్,jan
perform,unknown,prayer పూజ,pūja
peripheral;,unknown,superficial ఉంపర్ఉంపర్,umparumpar
perm,noun,కాĸెల్లటాట్,kārlelaṭṭā
permission,noun,సĺాల్  పూంĨేర్,savāl pūn ̄cēr
permit,verb,ఇజాజత్,ijājat
person,adjective,ǰĲో  /jūnō/ భలాఆİీమ్,bhalāādmī
person,noun,ఆİీమ్,ādmī
person,unknown,who knows everything జాఙ్ǵ,jṅāni
persuade,verb,పుĸా,purā
pertinent,adjective,పూరవ్జĮార్,pūrvajatrā
pestle,noun,ఉకిళ్,ukḷi
petrol,noun,ĳిటోర్ల్,piṭrōl
petty,adjective,దĽేస్క్,dassēk
physically,verb,Ǯĺేĸో,jīvērō
physician,noun,ĺైదుగ్డు,vaidguḍu
pick,noun,ఖూబ్ఆచ్,khūbāc
pickle,noun,ఖావ్Ĭి,khvāḍi
picture,noun,బొమమ్,bomma
pigeon,noun,కబుతర్,kabutar
pigment,noun,రంగ్,raṅg
pile,noun,మȎాణ్,masāṇ
pillar,noun,థంబా,thambā
pillow,noun,సĸాణో,sarāṇō
pimple,noun,ఖీల్,khīl
pin,noun,గుండు  సూķ,guṇḍu sūyi
pinch,noun,కొచర్,kocar
pink,noun,Ħొలాల్  రంగ్,golāl raṅg
pipe,noun,బుంĦా,buṅgā
pit,noun,బొȀమ్ķ,bommōyi
place,noun,జǽమ్,jammi
plan,noun,ఒడుపు,oḍupu
plant,noun,ǿలాక్,molkā
planting,unknown,plants Ȁలాక్ ĦాĬేర్,mōlkā gāḍēr
plants,unknown,Ȁలాక్,mōlkā
plate,noun,ĸేక్,rēk
play,noun,రǽత్,ramti
player,noun,ఖిలాĬి,khilāḍi
playing,unknown,card పĮాత్ల్,pattāl
please,verb,జాĺో,jāvō
please,verb,Ĩాలో,cālō
plough,verb,దూన్,dūn
plug,verb,గులాచ్,gulcā
pocket,unknown,ఖోȃ,khōli
poem,noun,Ħీద్,gīd
poetry,noun,పదయ్ĵాగం,padyabhāgaṁ
point,noun,ǳకొక్,tikko
pointless,adjective,బూంటొల్,būṇṭlo
poise,noun,వజన్,vajan
poison,noun,వస్,vas
police,noun,Ƿోȃస్,pōlis
police,unknown,station కĨేĸి,kacēri
polish,verb,Ȏొİార్,sodār
politics,noun,ĸాజǶǳ,rājanīti
pomegranate,noun,అĲార్,anār
pond,noun,ఖాడ్,khāḍ
poor,adjective,గĸీబ్,garīb
poor,noun,గĸీబ్,garīb
porridge,noun,దĹాయ్,daḷyā
portion,noun,ȏఁȎొ,hām̐so
portray,verb,మూరత్  కాడ్,mūrat kāḍ
possibly,verb,కాఁķకో,kām̐yikō
postpone,noun,ĺాķİొ,vāyido
posture,noun,ఢంగ్,ḍhaṅg
pot,noun,టోకణో,ṭōkaṇō
potato,unknown,ఆల్ గడడ్,āl gaḍḍa
potherb,noun,మాటేర్ ĵాǮ,māṭēr bhājī
potter,noun,కమార్,kamār
pouring,verb,ĸేĬేĸొ,rēḍēro
poverty,noun,గĸీబ్,garīb
powder,noun,భుకిళ్,bhukḷi
power,noun,కరంట్,karaṇṭ
practice,noun,ఠకుల్,ṭhakul
praise,verb,Įాĸిఫ్,tāriph
prawn,noun,ĪీంĦా,jhīṅgā
pray,verb,ȇంǳ,vinti
preacher,verb,గరు,garu
predictably,verb,జాణన్,jāṇan
pregnancy,noun,ĳేట్,pēṭ
prepare,verb,బణా,baṇā
present,noun,అబబ్ఁ,abbam ̐
present,noun,అబబ్ఁ   /abbam ̐/ అబ్బ్,abb
preserve,adjective,జతన్,jatan
prestige,noun,ఇజజ్త్,ijjat
previous,adjective,ధర్అĦిĬియా,dharagiḍiyā
previously,verb,అబేబ్Ľిజ్,abbēsij
price,verb,İామ్,dām
pride,noun,గరబ్,garab
priest,noun,పూజాĸి,pūjāri
primitive,adjective,ఆంĦేర్,āṅgēr
print,verb,ఛǷాķేర్,chapāyēr
private,adjective,జేర్ జేనఁ,jēr jēnam ̐
pro,noun,కుణిǳ /kuṇiti/  కేǵǳ,kēniti
pro,noun,కూఁ,kūm̐
pro,noun,ఆపణ్,āpaṇ
pro,noun,హమ్,ham
pro,noun,తమ్,tam
problem,noun,ఖటొల్,khaṭlo
problematic,noun,ĵాĺేటి,bhāvēṭi
procession,noun,ǯలూస్,julūs
proclaim,verb,డపĬా,ḍapaḍā
profit,unknown,Ǹాయ్ķేİొ,phyāyēdo
programme,noun,కారయ్ం,kāryaṁ
prolong,verb,బĬా,baḍā
promise,noun,నఁచమక్,nam̐camak
promote,verb,Ƿాళ్ 1,pāḷ
prophecy,noun,కాలజాఞ్ǵ,kālajñāni
propose,verb,పర్Ȏాత్వ్,prastāv
protract,noun,ఆలచ్ంకర్,ālcaṅkar
psychological,adjective,మĲేర్,manēr
psychology,noun,మన్  జాఞ్Ĳేర్ Ļాసత్ర్ం,man jñānēr śāstraṁ
puberty,noun,ĳేడు,pēḍu
puff,noun,బుకక్,bukka
pugnacious,adjective,బర్  కాķేĺాళ్,barkāyēvāḷ
pull,verb,ఖీంచ్,khīn̄c
pulley,noun,Ħిరర్,girra
pulling,unknown,out ఖాయ్ంచ్ Ĳాక్,khyān ̄cnāk
pulse,noun,İాళ్,dāḷ
pump,noun,బొĸింĦి,boriṅgi
pumpkin,noun,కావ్Ĺా,kvāḷā
punishment,noun,ȋకష్,śikṣa
punt,noun,తడ,taḍa
pupil,noun,ȇİాయ్ĸిధ్,vidyārdhi
purchaser,unknown,లేĺాĹో,lēvāḷō
purr,noun,ĩెĸేర్,cherēr
push,verb,ıెకల్,dhekal
push,unknown,solidly జొĸేǳ ధకల్,jorēti dhakal
put,noun,ఓలాķేర్,ōlāyēr
put,unknown,out the fire అంĦార్ ఒలా,aṅgār olā
putting,unknown,someone outside వĦాĬో,vagāḍō
puzzle,noun,ఆంటో  ĵాంİేర్,āṇṭō bhāndēr
python,unknown,పళ్డ్,paḷḍ
quaint,adjective,ǯĲేİాĬేర్,junēdāḍēr
qualified,adjective,అరహ్త,arhata
quality,noun,Ħొణ్,goṇ
quantity,noun,పĸిమాణం,parimāṇaṁ
quarter,noun,ఠకాణొ,ṭhakāṇo
queen,unknown,ĸాణీ,rāṇī
question,verb,సĺాల్  పూంĨేర్,savāl pūn ̄cēr
quickly,verb,ఛఁప్  కేĽి,cham̐pkēsi
quiet,adjective,చుప్,cup
quite,verb,నటట్మ్,naṭṭam
quiver,verb,ధుజ్  ణి,dhujṇi
rabbit,noun,సȎాయ్,sasyā
race,noun,జాత్,jāt
radiant,adjective,వజాĹో,vajāḷō
radish,noun,ములల్ంĦి,mullaṅgi
rafter,unknown,ఘĸేర్ ĺాఁȎా,gharēr vām ̐sā
rails,noun,పటాట్లు,paṭṭālu
rain,noun,Ƿాణీ,pāṇī
raining,noun,ఝĬీర్ Ƿాణీ,jhaḍīr pāṇī
rainy,noun,వĸాస్Ĺో,varsāḷō
raise,verb,జాదకర్,jādakar
raising,verb,వİోర్,vadrō
ram,noun,Ħోĸాల్,gōrlā
ramble,noun,ఫర్,phar
range,noun,Ħెటుట్,geṭṭu
rapids,noun,జోĸిత్ĺాయ్ĸో,jōrtivyārō
rat,noun,ఉందర్,undar
rattle,noun,బకావ్స్,bakvās
reach,verb,భĹెగ్,bhaḷge
real,adjective,సĮేత్ర్,sattēr
realistic,adjective,మాలంచఁజకో,mālan ̄cam̐jakō
reason,noun,īాలొ /నకామ్   /ṭhālo,nakām
rebuke,noun,Ħాȅİేర్,gāḷidēr
receiver,unknown,(m.) లేన్ జాķేĺాĹో,lēn jāyēvāḷō
recent,adjective,నĺొవ్,navvo
recognition,noun,సĺాల్  పూంĨేర్,savāl pūn ̄cēr
recognize,verb,వళక్,vaḷak
rectify,verb,సĸికర్,sarikar
red,adjective,ĸాĮోడ్,rātḍō
refreshment,noun,ఫలారం,phalāraṁ
refrigerate,verb,ȋĹోకర్,śiḷōkar
refusal,noun,మĮెక్İిĲో,matkedinō
refuse,verb,ĩోడ్,chōḍ
refuse,noun,హటా,haṭā
region,noun,జాగ్,jāg
related,adjective,ఇĸాద,irāda
related,unknown,to you తమార్,tamār
relation,unknown,ĲాĮో,nātō
relationship,noun,Ƿామణ్,pāmaṇ
relaxation,noun,ĸికామ్,rikām
relief,unknown,from the danger of accident టఁళ్ Ħో,ṭam̐ḷgō
religion,noun,జాత్,jāt
remaining,noun,బĬొగ్,baḍgo
remember,noun,హĸెద్,harde
remind,noun,హĸొద్,hardo
remote,noun,కొĲాĸొ,konāro
removal,unknown,of insects ఝాడ్ మాĸేర్,jhāḍmārēr
remove,verb,కాడ్,kāḍ
remove,verb,Ƿొటుట్ కాడ్,poṭṭu kāḍ
rent,noun,ĵాĬొ,bhāḍo
repair,noun,జో,jō
repairer,noun,ఆĨొచ్కĸెĺాĹో,āccokarevāḷō
reparation,noun,Ĭాండ్,ḍāṇḍ
report,noun,Ĵిĸాయ్ద్,phiryād
repository,noun,గుǽమ్,gummi
reproach,noun,బోȃ  ĵాంĬేర్,bōli bhāṇḍēr
reptile,noun,సĸేక్ĸో,sarkērō
request,verb,Ĳావ్ĸా,nvārā
requirement,noun,ĨావఁĲో,cāvam ̐nō
reserve,verb,įాĶేర్,thāmēr
reservoir,noun,కూండ్,kūṇḍ
resignation,noun,ĩోడ్,chōḍ
resist,verb,ఖమాడ్  లఁ,khamāḍlam ̐
response,noun,ȏటో,hāṭō
rest,noun,ĸికామ్,rikām
restricted,noun,పతయ్ం,patyaṁ
return,noun,ఆķేర్,āyēr
reversal,noun,Ĵేర్,phēr
revolution,noun,కార్ంǳ,krānti
reward,noun,ఇĲామ్,inām
rice,noun,Ĩావళ్,cāvaḷ
rich,adjective,Ȏావుకార్,sāvukār
rich,noun,అǾర్,amīr
ride,noun,సĺాĸి,savāri
ridged,noun,Įోĸి,tōri
rifle,noun,బందూక్,bandūk
right,adjective,జమణో,jamaṇō
right,noun,ǿటియార్,moṭiyār
right,noun,అతత్జ్,attaj
right,unknown,side జĶేణ్వĬి ఛఁ,jamṇēvaḍi cham ̐
rigid,adjective,జాĬొ,jāḍo
ring,noun,ȇంటి,viṇṭi
ringleader,noun,టాంĬేర్,ṭāṇḍēr
rings,noun,చఁటిక్,cam̐ṭki
ripe,adjective,బుĬొķేĦో,buḍoyēgō
ripened,noun,Ĳారళ్,nāraḷ
river,noun,నంİి,nandi
road,noun,ĺాట్,vāṭ
roar,verb,డĸాక్ķేĸొ,ḍarkāyēro
rob,verb,లూటెల్జొ,lūṭlejo
robber,noun,Ĩోర్,cōr
rock,noun,కాంకర్,kāṅkra
rod,unknown,సలాక్,salāk
roll,noun,పȃట్ మార్,palṭi mār
root,adjective,జడ్,jaḍ
rope,noun,ĦాĹా,gāḷā
ropes,noun,ĦాĹా,gāḷā
rotten,adjective,గĸిగ్,gargi
rotten,noun,గĸిగ్,gargi
round,noun,ĦోĹా,gōḷā
rub,verb,Ĩొపడ్,copaḍ
rubber,noun,లబబ్ర్,labbar
rubbing,noun,మసĹేర్,masaḷēr
rude,adjective,అĲాĬి,anāḍi
ruin,verb,ĨేĬొగ్,cēḍgo
rumour,noun,ఫుంకార్,phuṅkār
rust,noun,ǩలం,cilaṁ
sache,noun,İోక్,dōk
sacred,unknown,ǵషట్ĸొ,niṣṭaro
sacred,verb,కణİోĸి,kaṇadōri
salary,noun,బాఁķ,bām̐yi
salt,noun,నూణ్,nūṇ
saltwater,unknown,ఖాĸొǷాణీ,khāropāṇī
sample,noun,Ȏాయ,sāya
sand,noun,ఉĻాక్,uśkā
saturday,proper noun,įావర్,thāvar
savage,unknown,రణీఆİిమ్,raṇīādmi
scared,adjective,చమాక్న్,camkān
scatter,noun,ఛణక్,chaṇak
scent,unknown,అతత్ర్,attar
school,noun,బĬి,baḍi
scissor,noun,కొతĬిన్,kotaḍni
scorpion,noun,ȇంచు,vin̄cu
scratch,verb,ఖొఝా,khojhā
screen,noun,పĸాద్,pardā
scrub,verb,ıో,dhō
seal,noun,Ȁర్,mōr
search,noun,ఢూంĬేర్,ḍhūṇḍēr
second,unknown,İీȀ,dīmō
secret,verb,ఖేİొ,khēdo
secretion,noun,చూȂ,cūyō
secretly,verb,ఖేİొ,khēdo
secure,adjective,జతన్,jatan
seductive,unknown,look ఆĬిఆంకిǳ İేకోర్,āḍiāṅkiti dēkrō
seed,unknown,İాణా,dāṇā
seed,unknown,of Bishop’s weed అజోమ్,ajmō
seeing,verb,İెకోర్,dekrō
select,adjective,కిİెజకొ,kidejako
sell,verb,ĺేచ్,vēc
send,verb,కేĶెల్,kēmel
separate,verb,Ĳాȅ,nāḷi
separating,noun,ఆǽల్,āmli
serially,verb,ĸేతుĸేతు,rēturētu
sesamum,noun,తȃల్,talli
set,verb,డూబోగ్,ḍūbgō
set,verb,సĸికర్,sarikar
settle,verb,Ĵేడ్,phēḍ
seventeen,numeral,సతర్ఁ,satram ̐
seventy,numeral,సతత్ర్,sattar
several,adjective,కĮార్ķకో,katrāyikō
shadow,noun,ĩాంĬి,chāṇḍi
share,noun,ȏఁȎొ,hām̐so
share,noun,ȏఁȎొ   /hām̐so/ ȏంȎో,hānsō
sharp,noun,ıార్,dhār
sharp,noun,ఫూంగ్,phūṅg
sharpening,verb,అĹా,aḷā
shaving,unknown,cream Ĭావ్Ĭిపĸేర్ Ƿాయ్సడ్,ḍvāḍiparēr pyāsaḍ
sheep,noun,Ħోĸిల్,gōrli
shine,verb,ఝాంక్,jhāṅk
short,adjective,Ƿోటియా,pōṭiyā
shortness,adjective,Ƿొటాయ్,poṭyā
should,verb,ĸేణో,rēṇō
shoulder,noun,కాంİో,kāndō
shoulder,noun,కాంİో  /kāndō/  Ȏాంİేర్,sāndēr
shoulder,unknown,bone Ȏాంİేర్ హడక,sāndēr haḍaka
shout,noun,తుకాĸి,tukāri
shouting,verb,ĸాǽర్,rāmri
show,noun,టేĹో,ṭēḷō
show,verb,చూమ్,cūm
shred,noun,టొకాడ్,ṭokḍā
shrew,noun,చుంĬెలుక,cuṇḍeluka
shut,unknown,the door గĬి ఘాల్,gaḍi ghāl
shy,verb,లాజ్,lāj
sicken,verb,ǹమాĸి,bimāri
side,noun,Ǵ,tī
side,noun,Ǵ  /tī/ Ƿాకీత్,pāktī
sieve,noun,ĩాణిణ్,chāṇṇi
sight,noun,నంజర్,nan̄jar
sign,noun,మȎొక్,masko
sikāyar/;,verb,ȋకష్ణ్,śikṣaṇ
silence,noun,గచచ్ప్,gaccap
silently,verb,బొలెǵǯ,boleniju
silver,noun,రూǷో,rūpō
similar,adjective,ఓరన్ķ,ōrnayi
simple,verb,ȎాదĽీద,sādasīda
sing,verb,బోల్,bōl
sink,verb,డుబాడ్,ḍubāḍ
sink,verb,డుబాడ్  /ḍubāḍ/  డూబోర్,ḍūbrō
sister,unknown,in law Ȏాȅ,sāḷi
sit,verb,బాయ్స్,byās
sitting,noun,బాయ్స్,byās
six,numeral,ĩొ,cho
sixteen,numeral,Ȏోళఁ,sōḷam ̐
sixty,numeral,Ȏాట్,sāṭ
skin,noun,ఖాȃడ్,khālḍi
slant,verb,Ƿాలుల్,pāllu
slap,noun,Ħాలేపర్  లĦా,gālēpar lagā
sleep,noun,Ƕంద్,nīnd
sleeping,unknown,ȎోĦే,sōgē
slip,noun,రపసన్,rapasan
slit,noun,Ǹాటేĸొ,phāṭēro
slow,noun,ĭీలొ,ḍhīlo
slowly,verb,ĭీలొ,ḍhīlo
smack,verb,దĲేక్,dankē
small,adjective,Ĳాణిక్,nāṇki
small,unknown,boy ĳీకా,pīkā
small,noun,చఁటిక్ఆంĦిళ్,cam̐ṭkiāṅgḷi
small,unknown,girl ĳీకి,pīki
small,unknown,tiny vessel used for oil చĳిట్,capṭi
small,noun,Ĩొటిట్,coṭṭi
small,unknown,water vessel సరవ్,sarva
small,unknown,well with oozing water ĺేĸి,vēri
smallpox,noun,Ǹాయ్ȃగ్,phyālgi
smart,noun,హుఁȎాయ్ĸి,hum̐syāri
smart,noun,ఖూబ్  సూరత్,khūb sūrat
smash,verb,Ǹోడ్,phōḍ
smell,noun,ĺాఁస్,vām̐s
smelling,verb,గంİాĸొ,gandāro
smelting,noun,కొȃమ్,kolmi
smile,verb,ȏఁస్,hām̐s
snap,noun,కాటేర్,kāṭēr
snappy,verb,జȃద్,jaldi
sneezing,noun,Ľింకడ్,siṅkaḍ
snoring,verb,Ǧĸొర్,ghōrro
snowstorm,noun,వĽెĺాĹో  Ƿాణీ,vasevāḷō pāṇī
so,noun,కాఁķకో,kām̐yikō
sob,unknown,హుĳీక్,hupkī
sociable,adjective,మసక్ĸి,maskari
society,noun,జగǳ,jagati
soda,noun,ȎోĬా,sōḍā
soft,adjective,Ħిలొ,gilo
soil,noun,జాగ్,jāg
soil,unknown,దూడ్,dūḍ
solace,noun,మĲాİేర్,manādēr
solely,verb,ǫయాంట్,chiyāṇṭ
solution,noun,గĹొగ్,gaḷgo
solve,noun,తǷాశ్,tapśā
some,adjective,దĽేస్క్,dassēk
some,conjunction,ఉǭజ్,ujji
sometimes,noun,ఏకేక్ Įాķ,ēkēk tāyi
son-in-law,noun,జమాķ,jamāyi
song,noun,Ħీద్,gīd
soon,verb,ఛప్  కో,chapkō
soup,noun,ఫల్  చు,phalcu
sour,noun,ఖాటొ,khāṭo
south,noun,లచ్  మణ్,lac maṇ
sovereign,noun,ĸాజ్,rāj
sow,verb,Ħాడ్,gāḍ
space,unknown,ĸాĶే,rāmē
spade,noun,Ƿార,pāra
speak,verb,పĨార్,pacār
spear,noun,బĸిచ్,barci
spear,noun,కాటేĺాĹోఖడ్,kāṭēvāḷōkhaḍ
spectacles,noun,కాజళ్,kājaḷ
speechless,adjective,గూంĦొ,gūṅgo
spell,noun,మతత్ర్,mattar
sperm,noun,ఇంİిర్యం,indriyaṁ
spherical,adjective,ǦĹోȎాణ్,ghōḷōsāṇ
spice,noun,మȎాలో,masālō
spider,noun,కొĬియా,koḍiyā
spinach,noun,ĺాĬేర్ ĵాǭజ్,vāḍēr bhājji
spiritual,adjective,İేĺేపర్  భకిత్,dēvēpar bhakti
spittle,noun,థూంక్,thūṅk
spoil,adjective,బలాల్,ballā
spoiled,verb,పĬాĺో,paḍāvō
spoken,unknown,word ముంĬేర్ బోȃ,muṇḍēr bōli
spoon,unknown,చంĨా,can̄cā
spoonful,noun,ĨెంĨార్  అĮార్,cen̄cār atrā
sports,noun,రǽత్,ramti
spot,noun,ఇలాకో,ilākō
spray,noun,ఛణక్,chaṇak
spread,noun,Ĩావ్డ్,cvāḍ
spring,noun,ǲȅ,jhōḷi
springtime,noun,మాĦిİాడ్,māgidāḍ
sprinkle,noun,ఛణక్,chaṇak
sprinkled,adjective,ļిĹొĺెĦో,ṣiḷovegō
sprouting,unknown,హుĦాయ్Ȃ,hugyāyō
squeak,verb,Ǭంక్,chīṅk
squeeze,verb,నĨొ,naco
squint,unknown,బాĬో,bāḍō
squirrel,noun,గĸిల్,garli
stab,adjective,Ƿొసడ్,posaḍ
stable,adjective,టకన్,ṭakan
stag,noun,ǩతల,citala
stale,adjective,ǰĲో,jūnō
stalk,noun,ĬాంĬి,ḍāṇḍi
stall,noun,గుǽస్,gumsi
stamina,noun,సతత్,satta
stamp,verb,ఖూంద్,khūnd
stand,noun,జాగ్,jāg
stand,verb,హుబర్,hubar
star,noun,Įాĸా,tārā
stare,unknown,the eyes టమాక్ర్,ṭamkār
start,verb,ǵసర్,nisar
started,verb,ǵకళ్,nikaḷ
starting,unknown,phase ధర్ అĦీడ్యార్,dhar agḍīyār
startle,adjective,చమాక్న్,camkān
startled,adjective,జంజార్Ħొ,jan̄jrāgo
statement,noun,ĺాత్,vāt
stay,unknown,with లారఁ,lāram̐
steep,verb,చĬాĺొ,caḍāvo
steer,noun,ȎాంĬియా,sāṇḍiyā
step,unknown,mother Ȏావ్కేర్,svākēr
stepmother,noun,మాĽి,māsi
stepping,verb,లాత్  Ķేల్,lāt mēl
steps,unknown,ఖĳిత్,khapti
stew,verb,వకాళ్,vakāḷ
stick,adjective,Ƿొసడ్,posaḍ
sticky,noun,ǩకోణ్,cikṇō
still,unknown,do it అǭజ్కర్,ajjikar
sting,noun,ĺాంకొ,vāṅko
stir,verb,హలా,halā
stitch,noun,Ħాంట్,gāṇṭ
stomach,noun,ĳేట్,pēṭ
stone,noun,ĵాట,bhāṭa
stool,noun,ĳీడ,pīḍa
stop,verb,థమాడ్,thamāḍ
stop,noun,నఁȏలǰ,nam̐hālajū
storage,noun,గుǽమ్,gummi
store,unknown,Ħోక్,gōk
storm,noun,ఆంİి అంĦొĹొ,āndi aṅgoḷo
stout,adjective,జాĬొ,jāḍo
stove,verb,చూలో,cūlō
straight,verb,ĭీలొ,ḍhīlo
straight,verb,సూİో,sūdō
strange,adjective,నఁ అన్  జాన్,nam̐ an jān
strangeness,noun,జలమ్,jalam
stream,noun,ĩేǹర్,chēbri
string,noun,Įాంత్,tānt
strip,noun,ĳేడ్,pēḍ
strip,noun,ĩోĬాక్,chōḍkā
stroke,verb,ǪంĮోర్,cīntrō
strong,adjective,మజ్  బూత్,majbūt
strong,noun,బలావ్న్,balvān
structure,noun,తĸిక,tarika
stuck,adjective,అటట్Ħొగ్,aṭṭaggo
stuttering,unknown,Įోǳల్,tōtli
style,noun,తĸిక,tarika
submit,noun,ıార్,dhār
submitting,verb,హĺాలొ  ĺేజొ,havālo vējo
succeeding,noun,ĳేన సǽయార్,pēna samiyār
successor,noun,ఖాĲాద్ǵ,khāndāni
sudden,adjective,ఛఁప్  కేĽి,cham̐pkēsi
suddenly,adjective,జȃద్,jaldi
sugar,noun,సకక్ర్,sakkar
sugar,noun,Ȏాంటా,sāṇṭā
suggest,verb,ఖోజ్   వĮా,khōj vatā
summary,noun,ఒİొడ్,odoḍ
sun,noun,İాĬొ,dāḍo
sunday,proper noun,İిĮావ్ర్,ditvār
sunlight,noun,జోత్,jōt
sunlight,noun,జోత్ /jōt/ deafness  బాయ్ĸొ,byāro
sunny,verb,తĬొక్,taḍko
sunrise,noun,ఝూంచ్,jhūn̄c
suppress,verb,ఖూంద్,khūnd
suppressing,noun,దమన్,daman
surface,adjective,ఉంపĸేర్,umparēr
surrend,noun,హĺాల్,havāl
surroundings,unknown,ఆస్ Ƿాస్,āspās
survive,verb,బంచ్,ban̄c
suspicion,noun,గుమాన్,gumān
sustain,verb,ǵరణ్య్,nirṇay
swallow,verb,గలోజ్,galjō
swap,noun,లేణిగ్ İేణిగ్,lēṇgi dēṇgi
swarm,noun,దళ్,daḷ
sway,verb,బĦా,bagā
swear,verb,ఇమాన్,imān
sweat,noun,పĸిĽిన,parisina
sweater,unknown,గరమ్ కోట్,garam kōṭ
sweating,unknown,ఉకోళ్మాĸేర్,ukḷōmārēr
sweeper,unknown,బాĸేĺాĹో,bārēvāḷō
sweepings,noun,ĸాĽి,rāsi
sweet,adjective,Ǿటొ,mīṭo
sweet,noun,Ǿట్  మటాķ,mīṭmaṭāyi
swell,verb,ఫూలో,phūlō
swig,verb,ĳిȂట్,piyōṭ
swing,noun,హలా,halā
swing,noun,హలా   /halā/ హీంచ్,hīn̄c
swollen,adjective,సూజోగ్,sūjgō
swollen,unknown,belly ఆపర్ Ħొజకొ ĳేట్,āpargojako pēṭ
sword,noun,తలావ్ర్,talvār
symbol,verb,ǩంĮాణి,cintāṇi
table,noun,Ķేజా,mējā
tack,verb,చుంటాడ్,cuṇṭāḍ
tail,noun,పుంǩడ్,pun̄cḍi
tail,noun,పుంǩడ్ /pun̄cḍi/ పూంచĬినఁ,pūn̄caḍinam ̐
tailor,noun,Ķేĸాĺాళ్,mērāvāḷ
take,verb,Ȅయా,līyā
taking,noun,లేలఁ,lēlam̐
taking,noun,రకాȄడ్İిĲో,rakālḍīdinō
tall,adjective,ఉంపర్ఁ,umpram ̐
tamarind,noun,ఆǽల్,āmli
tandem,verb,కూబ్  ఆచ్,kūb āc
tangled,adjective,గుంĮాĦొ,guntāgo
tap,noun,Ĳాలొ,nālo
target,noun,İేకన్,dēkan
taste,verb,Ĩాకన్  İేక్,cākan dēk
tax,noun,రకం,rakaṁ
teacher,noun,గరు,garu
teak,noun,ȎాగుĲా,sāgunā
tear,verb,Ǫర్,cīr
tearing,noun,Ǫర్,cīr
tears,noun,ȏఁసు,hām̐su
tell,verb,కెĸా  /kerā/ making to hatch  Ľేĺేన్ బెȎాĸేర్,sēvēn besārēr
tell,verb,కఁ,kam̐
tell,unknown,briefly మజ కఁ,maja kam ̐
tell,unknown,in detail ఖోళన్ కఁ,khōḷan kam ̐
teller,noun,కేĺాĹో,kēvāḷō
telugu,proper noun,Įెలుగు,telugu
temperate,adjective,వĨేచ్ĸొ,vaccēro
temple,noun,İేవళ్,dēvaḷ
temporary,adjective,ఘĬికెȎారు,ghaḍikesāru
ten,numeral,దస్,das
tender,noun,ǩగురు,ciguru
term,noun,Įాణు,tāṇu
terror,noun,చమక్,camak
tether,noun,ĦాĹా,gāḷā
than,unknown,all Ľేǳ,sēti
that,noun,ఊ,ū
that,unknown,side ఓȇడ్,ōvḍi
thatch,verb,ĩాప్,chāp
thaw,verb,Ħాళ్,gāḷ
their,unknown,ఉందూర్,undūr
then,verb,జనన్,janna
there,verb,ఒతత్ఁ,ottam̐
therein,verb,ఓమా,ōmā
thereupon,verb,ĭైఁ ĭైఁĽి,ḍhaim ̐ ḍhaim ̐si
these,noun,ķే,yē
they,unknown,ఓజ్,ōj
they,verb,రచఁ,racam ̐
thick,adjective,ǩకోణ్,cikṇō
thickly,verb,జాĬొజట్,jāḍojaṭ
thief,noun,Ĩొటిట్,coṭṭi
thigh,noun,జాంĦాళ్,jāṅgḷā
thin,adjective,ǷాĮోళ్,pātḷō
thinking,noun,కేలేర్,kēlēr
thinking,unknown,about కెలెĸొ,kelero
thirst,noun,తరస్,taras
thirsty,adjective,తరస్,taras
thirteen,numeral,Įేరఁ,tēram̐
thirty,numeral,Ǵస్,tīs
this,noun,ఈ,ī
this,noun,ఆజ్,āj
this,unknown,one only ఈజ్,īj
this,verb,ఏవ్  Ĭి,ēvḍi
thorny,noun,ĭీĸా,ḍhīrā
those,noun,ఓ,ō
thought,noun,ఖాయ్ల్,khyāl
thousand,numeral,బĦా,bagā
thrash,verb,మార్,mār
thread,noun,İోర,dōra
thread,unknown,worn by Hindu male on waist కణ్ İోĸో,kaṇdōrō
three,numeral,Ǵన్,tīn
throat,noun,Ȏాంİొ,sāndo
throw,noun,Ĵెంకాķేర్,pheṅkāyēr
throwing,noun,ధూంక్,dhūṅk
thunder,verb,గరజ్  ĸొ,garajro
thursday,proper noun,వరస్  పత్,varaspat
thus,noun,ఏర్  ǯ,ērju
ti/;,noun,Įాకత్,tākat
tide,verb,తడ,taḍa
tiger,noun,జĲావర్,janāvar
tighten,verb,కస్,kas
tile,noun,īికిర్,ṭhikri
till,verb,ఆంగజ్,āṅgaj
timber,unknown,లకĬి,lakaḍi
time,noun,ఘĬియా,ghaḍiyā
tinge,noun,ǼĲొరంగ్,bhīnoraṅg
tip,noun,కొĲొĸా,konorā
tired,verb,ȏĸొగ్,hārgo
title,noun,పురȎాక్ర్,puraskār
to,verb,Ȏామ్,sām
to,verb,ĸాస్,rās
to,verb,అటక్,aṭka
to,verb,అĮాయ్Ĩార్,atyācār
to,noun,జోకేర్,jōkēr
to,verb,చూంటన్  ĸేర్,cūṇṭan rēr
to,verb,ĺేనఁ,vēnam ̐
to,verb,బదĲామ్  కర్,badanām kar
to,noun,బాĹేనఁ,bāḷēnam ̐
to,verb,ఢఁķకర్,ḍham̐yikar
to,unknown,continue ఆంగఁ బĬేĸొ,āṅgam ̐ baḍēro
to,verb,లప్  జొ,lapjo
to,verb,అంకిత్ కర్,aṅkit kar
to,verb,ఘణో  కర్,ghaṇō kar
to,verb,లాĹే  చుĺావఁ,lāḷē cuvāvam ̐
to,verb,ĺాయ్Ħే,vyāgē
to,verb,వస్  జొ,vasjo
to,verb,భూలాĬి పడ్  జాķేర్,bhūlāḍi paḍjāyēr
to,noun,హటా,haṭā
to,verb,Ȏాప్  కర్,sāpkar
to,unknown,give a name Ĳామ్ ǷాĬేర్,nām pāḍēr
to,noun,వదĦో,vadagō
to,verb,ఘాల్,ghāl
to,verb,భĹేనఁ,bhaḷēnam ̐
to,noun,మూĹో  గూంత్,mūḷō gūnt
to,verb,Ĳౌసన్,nausan
to,verb,ǩĸార్,cirrā
to,noun,థమ్,tham
to,noun,Ĩాల్,cāl
to,verb,కేȇడ్,kēvḍi
today,noun,ఆజ్,āj
tomato,noun,ĵేజార్,bhējrā
tomb,noun,Ħోĸి,gōri
tombstone,unknown,మȎాణేర్ బాట,masāṇērbāṭa
tomorrow,noun,సĺార్,savār
tongue,noun,Ǯబ్,jīb
tooth,unknown,İాంత్,dānt
toothpick,noun,İాంతణ్,dāntaṇ
torch,noun,కోల,kōla
torn,verb,Ǹాటేĸొ,phāṭēro
torrent,noun,ıార్,dhār
tortoise,noun,కాబొజ్,kābjo
torture,noun,ĺేల ĵాĺేటి,vēla bhāvēṭi
total,noun,Ȏాĸి,sāri
touch,verb,Ǭప్,chīp
touch,verb,Ǭప్  /chīp/ లాĦో,lāgō
towel,noun,తుĺాల,tuvāla
traction,noun,ఖాయ్ంĨేర్,khyān ̄cēr
tradition,noun,ఇĬిత్,iḍti
traditional,noun,ఢంగ్,ఇĬిత్
traditional,noun,İీȂఁ,dīyōm ̐
traditional,noun,ȏఁȎోల్,hām̐slō
training,noun,ఛĳె Ľికాయర్,chape sikāyar
trample,verb,ఖుంద్  Ĳాక్,khundnāk
transfer,unknown,తĺాదల్,tavādal
trap,noun,ఫంİొ,phando
treat,verb,ఢఁķకిİొ,ḍham̐yikido
treaty,noun,సులȏ,sulahā
trench,noun,ఖంద్  కం,khandkaṁ
trend,noun,తĸిక,tarika
tribal,adjective,బంజార,ban̄jāra
tribe,verb,ǷాĬా,pāḍā
trick,noun,హుǷామ్,hupām
trip,noun,జాతర,jātara
trouble,noun,ఆĳిత్,āpti
trousers,noun,Ĵైంట్,phaiṇṭ
trout,noun,కంటార్,kaṇṭrā
true,verb,ȎాĽిస్,sāssi
truss,noun,కĨోటి,kacōṭi
tuesday,proper noun,మంగళ్  ĺార్,maṅgaḷ vār
tumble,verb,రĬొత్ పĬొగ్,raḍto paḍgo
tumour,noun,గడడ్,gaḍḍa
turban,noun,రూమాల్,rūmāl
turmeric,unknown,హళద్,haḷad
turtle,noun,కాబొజ్,kābjo
twenty,numeral,Ȉస్,vīs
twist,unknown,Ķేళ్,mēḷ
twisted,unknown,వĬి ఘȃఘలాȂ,vaḍi ghalighalāyō
two,numeral,İి,di
twofold,noun,İీవణా,dīvaṇā
tying,noun,మూĹో  గూంత్,mūḷō gūnt
tying,unknown,the edges ǷాĹే ĵాంİేĸో,pāḷē bhāndērō
umbrella,noun,ఛǳర్,chatri
unable,unknown,to get ȃİోకోǵ ǰ,lidōkōni jū
unable,verb,ȎోంĨెకొǵ,sōn̄cekoni
unbeatable,unknown,ఆడం ĩేǵ,āḍaṁ chēni
unbound,adjective,ఛూటొ,chūṭo
uncle,noun,మామ,māma
underground,unknown,science జǾమ్ĸో Ļాసత్ర్ం,jammīrō śāstraṁ
underneath,adjective,తళ్ 1,taḷ
understood,adjective,అİోడచ్జకొ,adōḍcajako
understood,adjective,అİోడచ్జకొ   /adōḍcajako/  uneven  ఖాంĨా  ఖొబా,khān̄cā khobā
unfair,adjective,అǵయాķ,aniyāyi
uniformly,adjective,ఎకక్జ్,ekkaj
universe,noun,జగǳ,jagati
unmarried,noun,కుఁĺాĸి,kum̐vāri
unmarried,noun,కుఁĺాĸో,kum̐vārō
unmuffle,unknown,బుĨొన్ కాడ్,bucno kāḍ
unnecessary,adjective,Ĩాķేǵ,cāyēni
unripe,unknown,mango ఆంబా,āmbā
until,verb,ఒĮెత్Įాణు,ottetāṇu
untouched,adjective,చూంటేǵ,cūṇṭēni
unwashed,adjective,లగలేడ్,lagalḍē
upon,verb,ఊంపర్,ūmpar
upper,unknown,layer Ƿొటుట్,poṭṭu
upper,unknown,one ఉంĨేర్,un̄cēr
uppermost,adjective,ఖూబ్ఆచ్,khūbāc
uproar,noun,బలాడ్ķేర్,balḍāyēr
uproot,verb,హలా,halā
upstream,verb,ĺాయ్ĸోజేర్ సమన్క్,vyārōjērsamnak
urgency,verb,దĲేక్,dankē
urinated,verb,మూİిద్Ĳో,mūddinō
urine,noun,మూత్,mūt
urine,adjective,ĸాబొడ్,rābḍo
used,noun,కిİొజకొ,kidojako
useless,adjective,నకామ్,nakām
utensil,noun,ĦిĲాయ్,ginyā
uvula,noun,కాగ్  లా,kāglā
vacant,unknown,īాల్,ṭhāl
vaccinate,verb,టికాల్  మార్,ṭikāl mār
valley,noun,ఖోబొ,khōbo
value,noun,ఖీమత్,khīmat
value,noun,ఖీమత్  /khīmat/  İామ్,dām
vandalize,verb,ఖులాĲాక్,khulānāk
vanish,verb,బూĬోజ్,būḍjō
vas/;,noun,భరప్,bharap
vaḷā/,adjective,దĽేస్క్,dassēk
vegetables,noun,తĸాక్ĸి,tarkāri
vein,noun,నస్,nas
venom,noun,దĺా,davā
vent,noun,ĺేజ్,vēj
ventricle,noun,ఘర్,ghar
verb,verb,మాĸోల్,mārlō
verse,noun,కĬి,kaḍi
vertical,adjective,హూబ్,hūb
very,adjective,అȎామ్న్,asmān
very,verb,జాǷాప్,jāppā
very,adjective,ఆĨోచ్Ȏొ,āccōso
vessel,noun,టోకణి,ṭōkaṇi
vex,noun,కటాĹొ,kaṭāḷo
via,verb,Ǵ,tī
vicar,noun,బదల్,badal
vicinity,noun,ఢఁķĸొ,ḍham̐yiro
victim,noun,ıోకబాజ్,dhōkabāj
view,noun,నంజర్,nan̄jar
violence,noun,మాĸేర్,mārēr
viper,unknown,gourd చĸిచ్ంĬా,carciṇḍā
visible,adjective,İికావజకో,dikāvajakō
vision,unknown,నజర్,najar
voice,noun,Ǧగ్,ghōg
volcanoes,noun,అంĦాĸేĸో పȏడ్,aṅgārērō pahāḍ
vomit,verb,Ĭాకణిణ్,ḍākaṇṇi
vote,noun,ఓట్,ōṭ
vow,noun,Ȏావ్గన్,svāgan
vēgō/;,adjective,ĺేĦి,vēgi
wage,verb,Ĩాల్,cāl
wager,noun,ĸాǭ,rāji
waist,unknown,కడ్,kaḍ
waive,verb,ĩోడ్,chōḍ
wake,noun,జాĦారణ్,jāgāraṇ
walk,noun,Ĩాల్,cāl
walking,unknown,stick టేకన్ Ĩాలేర్ లకీడ్,ṭēkan cālēr lakḍī
wall,noun,İిĺార్,divār
wan,verb,ĭిలోభస్,ḍhilōbhas
wander,verb,భులాటి పĬొగ్,bhulāṭi paḍgo
want,verb,చుĲేల్ర్,cunlēr
war,noun,ĺాయ్ర్,vyār
warn,verb,చమాక్న్,camkān
wash,noun,ıొĲాకేర్,dhonākēr
washer,noun,ıోǹ,dhōbi
waste,adjective,నకామ్,nakām
watch,noun,కాȇల్,kāvli
watchman,noun,Ĩౌకీİార్,caukīdār
water,noun,Ħాలా,gālā
water,noun,Ƿాణీ,pāṇī
waterfall,noun,ĸేȃక్,rēlki
watermelon,noun,తరూబ్జ,tarbūja
watery,adjective,ǻĲోఛజకో,bhinōchajakō
wave,noun,ఝĦోళ్,jhagḷō
wavy,adjective,నవన్  ఛఁ,navan cham ̐
wax,noun,మాయ్ణ్,myāṇ
way,noun,ĺాట్,vāṭ
we,noun,ఆపణ్,āpaṇ
weak,adjective,బĲా  Įాకేత్ĸొ,banā tāktēro
wealth,unknown,కమాķ,kamāyi
weapon,noun,హĮాయ్ర్,hatyār
wear,noun,Ƿాయ్ĸేర్,pyārēr
weathered,adjective,అటక్   Ħొ,aṭak go
weave,unknown,గూంత్,gūnt
weaving,noun,గుంĮేర్,guntēr
wedding,unknown,celebration టేĹో,ṭēḷō
wednesday,proper noun,బİావ్ర్,badvār
weeds,noun,కలప్,kalap
weight,noun,Įోలేర్,tōlēr
well,noun,కూȂ,kūyō
west,noun,ఊంĨాల్,ūn̄cāl
wet,verb,పదన్,padan
what,unknown,కాఁķ,kām̐yi
wheat,adjective,ఘౌఁ,ghaum ̐
wheel,noun,Ħిరర్,girra
whelp,verb,జణేర్,jaṇēr
where,noun,కతత్ఁ,kattam ̐
whinny,verb,గలేక్ĸొ,galkēro
whip,unknown,Ĩాఁǿట్,cām̐mṭo
whirlpool,adjective,అంĦోĹొ,aṅgōḷo
whirlwind,noun,అంĦొĹో,aṅgoḷō
whisk,verb,ఝడ్  కార్,jhaḍ kār
whisper,noun,ఘూఁస్  ఘూఁస్,ghūm̐s ghūm ̐s
whistle,noun,Ľీంటి,sīṇṭi
white,adjective,ıావ్Ĺో,dhvāḷō
whiteness,adjective,ıావ్Ĺో,dhvāḷō
who,noun,కూణ్,kūṇ
whore,verb,కǪన్,kacnī
whose,unknown,one is this కేర్,kēr
why,verb,కĽేస్నఁ,kassēnam ̐
wick,noun,Ħామ్,gām
widow,noun,ĸాండ్,rāṇḍ
wife,noun,Ħావ్ణిణ్,gvāṇṇi
will,noun,ȈలుĲామా,vīlunāmā
will,noun,ȈలుĲామా  /vīlunāmā/  హుఁస్,hum̐s
will,verb,రచఁ,racam ̐
willing,verb,సమమ్త్,sammat
wilt,verb,ȏĸొగ్,hārgo
win,verb,ǮĮేĸొ,jītēro
window,noun,కిĬికి,kiḍiki
wing,noun,Ƿొంకొడ,poṅkoḍa
winnow,unknown,grain వĸాĬేర్,varāḍēr
winter,noun,ȋఁయాĹో,śim̐yāḷō
wish,verb,మాంĦేర్,māṅgēr
with,verb,లారఁ,lāram̐
with,unknown,carelessness అటకేళ్ǳ ĩేǵజకొ,aṭakḷēti chēnijako
with,unknown,discipline మలాజేǳ,malājēti
with,unknown,hunger భూకేǳ,bhūkēti
with,unknown,interest హట్,haṭ
with,noun,ķేǳ,yēti
withdrawal,noun,ȏటొలేర్,hāṭolēr
within,verb,మాķజ్,māyij
without,noun,īాలొ,నకామ్
without,unknown,any similarity ĵేద్ ĩేǵǯ,bhēdchēniju
without,unknown,any worry బĲా రంİి,banā randi
without,noun,హలేǵǰఁ,halēnijūm ̐
without,verb,కోǵ,kōni
witness,noun,గĺాķ,gavāyi
wizard,noun,భకత్,bhakat
wolf,noun,ĵేĬియా,bhēḍiyā
women,noun,కావ్Ĭి,kvāḍi
woo,verb,లాడ్  కĸా,lāḍ karā
wood,noun,కాకొటి,kākoṭi
wood,unknown,cutter రంǷాయ్,rampyā
wooden,noun,Ĩెకాక్ర్  సందుక్,cekkār sanduk
wooden,noun,ఖిȃల్,khilli
wooden,unknown,post ఖూంటా,khūṇṭā
wool,noun,ఊన్,ūn
word,noun,ĺాజా,vājā
work,noun,కామ్,kām
worker,noun,బాఁయాఁ,bām̐yām̐
working,noun,బాఁయాఁ,bām̐yām̐
works,noun,రచన,racana
world,noun,జగత్,jagat
worn,adjective,Ƿాయ్రజకణో,pyārajakaṇō
worry,verb,కటాĹొ,kaṭāḷo
worth,noun,Įాహత్,tāhat
wound,noun,ఘావ్,ghāv
wound,noun,అంĦాĸేర్ ఘావ్,aṅgārēr ghāv
wreck,verb,Ǹోడ్,phōḍ
wretch,noun,బĲాగĮేĸొ,banāgatēro
wrist,noun,ముకిక్,mukki
writing,unknown,లకణి,lakaṇi
wrong,noun,ఖĸాప్,kharāp
yam,noun,సకక్ర్  గంద్,sakkar gand
yard,noun,కొటట్ం,koṭṭaṁ
yawn,verb,బĦాķ  మార్,bagāyi mār
year,noun,వరస్,varas
yellow,unknown,colour ĳిĹొరంగ్,piḷoraṅg
yes,verb,ȏవఁ,hāvam ̐
yesterday,noun,కాల్,kāl
yield,noun,ǷాĨోజకొ  Ƿాంటా,pācōjako pāṇṭā
yoke,noun,కాǵన్,kānni
you,noun,తూఁ,tūm̐
young,noun,ǿటియార్  Ĩాయ్ĸి,moṭiyār cyāri
young,noun,Ĳాట్,nāṭ
younger,noun,కాకి,kāki
youngster,noun,నĺేజĺాన్,navējavān
yours,noun,Įోనఁ,tōnam ̐
yourself,noun,తూజ్,tūj
youth,noun,నĺేజĺాన్,navējavān
zeal,noun,జోర్,jōr
zero,numeral,సునన్,sunna
āc/;,noun,సబేత్,sabēt
ācco/;,noun,బĬొ,baḍo
ĩాబ్,unknown,,aṭāvajūm ̐ cāb
ĵాǯ,unknown,,māṭēr bhājī
ĺాళ్,unknown,,vasbharan cham ̐jako vāḷ
ĺేల,unknown,,vēla
ƿాĭేర్,unknown,,hām̐sa pāḍēr
ǩలక,unknown,,rām cilaka
ǹాటిర్జన,unknown,,pampōḷī phāṭrijana
ȏాĺాయ్,unknown,,sāḷyā
ȏాప్,unknown,,bandevāḷō sāp
̐/;,noun,సమాన్క్,samnāk
̐/;,verb,నవ్,nav
̐/;,verb,నవ్  /nav/ ĺాĹో,vāḷō
̐/;,verb,ఆĺో,āvō
̐/;,noun,భూకొ,bhūko
̐/;,verb,బణా,baṇā
̐/;,adjective,ĩోడ్  İిĲె,chōḍdine
̐sā/;,noun,ĵాయ్ఁĽి,bhyām ̐si
అటట్,unknown,,vayir aṭṭa
అవుఁచుఁ,unknown,,jām̐n avum ̐cum̐
టాంĭొ,unknown,,ṭāṇḍo
తపఁǯ,unknown,,nam̐ tapam ̐ju
పĭేర్,unknown,,vackaḷan paḍēr
పూంĩేర్,unknown,,savāl pūn ̄cēr
బేటి,unknown,,raṇḍāgijako bēṭi
మతల్బ్,unknown,,bē matlab
లఁ,unknown,,māṇḍ lam ̐
సూక్,unknown,,sūk
