serial,english,part_of_speech,meaning,phonetics,banjara_english
1,abide,verb,,vātēmā rēr,vaatemaa rer
2,ability,verb,,jōr,jor
3,"able to see, in the",noun,,dēkaju,dekaju
4,above,noun,,un̄cam̐,uncham
5,absent,unknown,,nākāl,naakaal
6,absorb,verb,,khin̄cāgo,khinchaago
7,abstract concept,adjective,,mālaṁ cham ̐jakō,maalam chham jako
8,acacia tree,unknown,,bommōḷīr jhāḍ,bommolir jhaad
9,acceptance,noun,,mānēr,maaner
10,accession,noun,,bhaḷge,bhalge
11,accident,verb,,ṭhakkar,thakkar
12,accidental,adjective,,acānak,achaanak
13,accidentally ad,verb,,acānak,achaanak
14,ad,verb,,acānak,achaanak
15,accost,verb,,bōl,bol
16,account,unknown,,khātā,khaataa
17,accusing someone,unknown,,badanām pāḍēr,badanaam paader
18,acquiring,verb,,pāp paṭkēr,paap patker
19,acre,noun,,ekar,ekar
20,acrid,noun,,kuḍi,kudi
21,across ad,verb,,āḍō,aado
22,active,adjective,,cham̐pkēsi,chhampkesi
23,actual,noun,,asli,asli
24,adamant,adjective,,nasalḍō,nasaldo
25,adjacent,adjective,,ḍham̐yi,dhamyi
26,adopt,verb,,gōdēn lēlam ̐,goden lelam 
27,adoption,noun,,gōd,god
28,adoptive mother,unknown,,pāḷījakō yāḍi,paalijako yaadi
29,advance,noun,,bayānā,bayaanaa
30,advise,unknown,,gyān kam ̐,gyaan kam 
31,advocate,verb,,bayiskarēro,bayiskarero
32,aeroplane,noun,,havāyi,havaayi
33,affectionate child,unknown,,hūm̐ssēr bēṭā,humsser betaa
34,affectionate words,noun,,mīṭi vātē,miti vaate
35,afraid,verb,,camak,chamak
36,Africa continent,unknown,,āphrikā khaṇḍaṁ,aaphrikaa khandam
37,after,adjective,,paccēr,pachcher
38,after coming,adjective,,ān,aan
39,after estimate,unknown,,andājo dēk,andaajo dek
40,after telling ad,verb,,kan,kan
41,after throwing,unknown,,khyān ̄can,khyaan chan
42,against,noun,,āṅgam ̐,aangam 
43,age,noun,,īḍ,id
44,agree,unknown,,mānlam ̐,maanlam 
45,agriculture,noun,,yesāmi,yesaami
46,alarm,noun,,dhamki,dhamki
47,alcohol,noun,,sīndi,sindi
48,alcoholic,noun,,piyōṭ,piyot
49,align,noun,,bhaḷge,bhalge
50,alike ad,verb,,kūb āc,kub aach
51,all pro,noun,,sē,se
52,alone,noun,,ēklōj,ekloj
53,aloof ad,verb,,ēklōj,ekloj
54,altogether ad,verb,,sē,se
55,altruistic,adjective,,imāni,imaani
56,always pro,noun,,kanna,kanna
57,amnesia,noun,,bhuljāyēr,bhuljaayer
58,among the stones ad,verb,,bhāṭāmā,bhaataamaa
59,amulet,noun,,mandoḷyā,mandolyaa
60,analyse,verb,,hām̐sa pāḍēr,haamsa paader
61,ancestral,adjective,,tantyā,tantyaa
62,and,conjunction,,ujji,ujji
63,anger,noun,,rīs,ris
64,anklets,unknown,,kase,kase
65,announce,verb,,elānkar,elaankar
66,annual,noun,,bārimās,baarimaas
67,answer,unknown,,javāb,javaab
68,ant,noun,,kīḍi,kidi
69,antelope,noun,,citili,chitili
70,anterior,adjective,,dharagiḍiyā,dharagidiyaa
71,anybody,unknown,,kētivatōyi,ketivatoyi
72,anyhow,unknown,,kuyim ̐ti,kuyim ti
73,anyone pro,noun,,kuṇiti,kuniti
74,anything ad,verb,,kuṇasiti,kunasiti
75,anytime ad,verb,,kannāyitōyi,kannaayitoyi
76,apology,noun,,māphikar,maaphikar
77,apple,unknown,,sēpu,sepu
78,application,verb,,rakāḍ,rakaad
79,apply,verb,,cāvajatrā,chaavajatraa
80,appoint,verb,,rakāḍ,rakaad
81,appreciate,verb,,tāriph,taariph
82,approach,noun,,galamā,galamaa
83,appropriate,adjective,,cāvajatrā,chaavajatraa
84,approximately ad,verb,,ḍhaim ̐ ḍhaim ̐si,dhaim  dhaim si
85,apricot,unknown,,jāmbu,jaambu
86,apropos ad,verb,,vēḷānam ̐,velaanam 
87,aquatic,noun,,pāṇī,paani
88,archaic,adjective,,pyānār,pyaanaar
89,architect,noun,,bhāndēvāḷō,bhaandevaalo
90,aristocrat,noun,,dhariyā,dhariyaa
91,arm,noun,,khavo,khavo
92,armpit,noun,,kāṅkō,kaanko
93,army,noun,,sipāyi,sipaayi
94,arouse,verb,,jagāvo,jagaavo
95,arrange,verb,,sadar,sadar
96,array,verb,,sodār,sodaar
97,arrest,noun,,giraphtār,giraphtaar
98,arrival,noun,,bhaḷge,bhalge
99,arrive come,verb,,āyēr,aayer
100,artist,noun,,citrakār,chitrakaar
101,as,adjective,,ōrnayi,ornayi
102,as lengthy ad,verb,,lāmbōsō,laamboso
103,as per law ad,verb,,nāyamēti,naayameti
104,ash,noun,,rāk,raak
105,ask,verb,,dhap,dhap
106,asking,noun,,savāl pūn ̄cēr,savaal pun cher
107,asthma,noun,,mōsa,mosa
108,at ad,verb,,lāram̐,laaram
109,at that time,noun,,ō vēḷāmā,o velaamaa
110,attach,verb,,cuṇṭāḍ,chuntaad
111,attain,verb,,jitlam ̐,jitlam 
112,attend,verb,,bhaḷge,bhalge
113,attention,noun,,dhyān,dhyaan
114,attire,verb,,sodār,sodaar
115,attitude,noun,,kaṇṇi,kanni
116,attraction,verb,,khyān ̄cēr,khyaan cher
117,attractive,adjective,,jīvtōḍārō,jivtodaaro
118,aubergine,noun,,vyāṅgaṇ,vyaangan
119,auction,unknown,,harrās,harraas
120,augment,verb,,kulā,kulaa
121,aunt,noun,,māmi,maami
122,authority,unknown,,nāyakīmā,naayakimaa
123,auto,noun,,āṭōrikṣā,aatorikshaa
124,avert,verb,,thamāḍ,thamaad
125,awaken,noun,,jāgan,jaagan
126,away ad,verb,,parlēvuḍi,parlevudi
127,axle,noun,,irusu,irusu
128,babble,verb,,bhaḍbhaḍiyā,bhadbhadiyaa
129,babbling,unknown,,bakro,bakro
130,baboon,noun,,haṇut,hanut
131,baby,noun,,bāḷak,baalak
132,back,noun,,pūṭo,puto
133,back pain,unknown,,chvāk dukri,chhvaak dukri
134,backbone,noun,,cvākēr haḍkā,chvaaker hadkaa
135,backward ad,verb,,lāram̐,laaram
136,backyard,noun,,khēt,khet
137,bad,verb,,kharāp,kharaap
138,bad looks from others,noun,,nan̄jar,nanjar
139,bag,unknown,,kōtli,kotli
140,balance,noun,,takḍi,takdi
141,ball,noun,,ceṇḍu,chendu
142,ball of string,adjective,,ḍhērā,dheraa
143,banana,noun,,kēḷā,kelaa
144,band,noun,,nāḍa,naada
145,bandicoot,noun,,ḍhūm̐s,dhums
146,bandy,verb,,kerā,keraa
147,bang,noun,,bandukēr cōṭ,banduker chot
148,bangle,noun,,baṅgḍī,bangdi
149,bank,noun,,konorā,konoraa
150,barber,noun,,nāvi,naavi
151,bargain,noun,,mōlkarēr,molkarer
152,barking,noun,,basro,basro
153,barn,noun,,gāb,gaab
154,barren,noun,,paḍāv,padaav
155,base,adjective,,taḷ,tal
156,basil,noun,,toḷcim ̐,tolchim 
157,basket,unknown,,ōlḍā,oldaa
158,bassia,noun,,ambāḍīr bhājji,ambaadir bhaajji
159,bath,noun,,haṅgōḷi,hangoli
160,bay,noun,,rātḍō,raatdo
161,be,verb,,vējā,vejaa
162,be concave,noun,,khōbo,khobo
163,be stuck,verb,,sāṅkḍo,saankdo
164,beam,noun,,dōni,doni
165,bean,noun,,vāloḷi,vaaloli
166,beard,noun,,ḍvāḍi,dvaadi
167,beat,noun,,cōṭ,chot
168,became good,verb,,āccovēgo,aachchovego
169,because ad,verb,,hanukan,hanukan
170,because of,conjunction,,kāṇṇam ̐,kaannam 
171,because of that,unknown,,jannāj,jannaaj
172,becoming bankrupt,unknown,,bhikāri yego,bhikaari yego
173,becoming fat,unknown,,jāḍōvēr,jaadover
174,becoming separate,verb,,ṭāḷ,taal
175,becoming unconscious,unknown,,ghēri āyer,gheri aayer
176,bed,noun,,godḍi,goddi
177,bedspread,noun,,ceddar,cheddar
178,bee,noun,,phūndā,phundaa
179,beed,noun,,lālḍi,laaldi
180,before ad,verb,,āṅgam ̐,aangam 
181,ad,verb,,dharagaḍiyā,dharagadiyaa
182,begging,noun,,bhīk,bhik
183,beginning,noun,,suru,suru
184,behave,verb,,cam̐lāyēr,chamlaayer
185,behind,noun,,pāccam ̐,paachcham 
186,being affectionate,noun,,khūbāc,khubaach
187,being at the back,unknown,,lāram̐,laaram
188,being conscious,unknown,,jāgrōcam ̐,jaagrocham 
189,being ill,unknown,,tan̄jro,tanjro
190,being itchy,unknown,,bhaḷbhaḷāyēr,bhalbhalaayer
191,being proud,noun,,masti,masti
192,being rough,adjective,,khān̄cāḷō,khaanchaalo
193,being spread,noun,,jhamjāyēr,jhamjaayer
194,being sticky,unknown,,gūndērnai,gundernai
195,believe,verb,,viśvās,vishvaas
196,belly,noun,,pēṭ,pet
197,belongings,noun,,jām̐yijāt,jaamyijaat
198,beloved,verb,,vālō,vaalo
199,belt,noun,,paṭṭeḍā,pattedaa
200,bend,verb,,navādam ̐,navaadam 
201,bends,noun,,navan,navan
202,besides ad,verb,,natō,nato
203,bet,noun,,sertu,sertu
204,between,adjective,,vaccēla,vachchela
205,beverage,noun,,pāṇī,paani
206,big ad,verb,,asmān,asmaan
207,big ant,unknown,,makōḍa,makoda
208,big bundle of hay,unknown,,parāḷērvāmi,paraalervaami
209,big needle,unknown,,sūyō,suyo
210,big spoon,noun,,korco,korcho
211,big tiger,noun,,janāvar,janaavar
212,big water container for drinking,noun,,kōlḍi,koldi
213,big way,adjective,,mōṭōso,motoso
214,bight,noun,,phando,phando
215,bile,noun,,gumḍi,gumdi
216,bind,verb,,bhāndinō,bhaandino
217,binding,noun,,jimmedāri,jimmedaari
218,bird,noun,,piṭṭa,pitta
219,bird of quail genus,unknown,,ṭōliyā,toliyaa
220,birth,noun,,janam,janam
221,birth defect,unknown,,gyāṇōhuyō,gyaanohuyo
222,bit,noun,,tunka,tunka
223,bitch,noun,,kotri,kotri
224,bite,verb,,gāṇṭ,gaant
225,bitter,adjective,,kuḍi,kudi
226,bitter gourd,noun,,karēlā,karelaa
227,bit piece strip,noun,,pēḍ,ped
228,black,noun,,kāḷō,kaalo
229,blacksmith,noun,,kamār,kamaar
230,blade,noun,,patti,patti
231,blanket,noun,,ghūṅgḍi,ghungdi
232,blast,verb,,phōḍ,phod
233,blaze,noun,,hōḷi,holi
234,blazer,noun,,kōṭ,kot
235,bleat,verb,,guṇasro,gunasro
236,bleeding from wound,noun,,rād,raad
237,blend,verb,,bhaḷge,bhalge
238,blight,noun,,kośāri,koshaari
239,blind,adjective,,āndi,aandi
240,blind belief,noun,,āndimānēr,aandimaaner
241,block,noun,,bigaḍāyēr,bigadaayer
242,blockade,verb,,ghērlo,gherlo
243,blood,noun,,lōyi,loyi
244,blouse,noun,,kān̄cḷī,kaanchli
245,blow,noun,,phuṅkār,phunkaar
246,blue,noun,,nīlo,nilo
247,body,noun,,jīvḍā,jivdaa
248,bog,noun,,bāḍavā,baadavaa
249,boil,noun,,ukaḷrō,ukalro
250,boiled,noun,,ukaḷgī,ukalgi
251,boil blister,noun,,phōḍā,phodaa
252,bolt,noun,,cilla,chilla
253,bondage,noun,,kaṭbhand,katbhand
254,bone,unknown,,haḍaka,hadaka
255,bookshelf,unknown,,vair arrā,vair arraa
256,boot,noun,,jūtē,jute
257,bore,noun,,kaṭāḷo,kataalo
258,born,adjective,,huyō,huyo
259,bossism,unknown,,hukmat,hukmat
260,bottle,verb,,loṭimā pakaḍ,lotimaa pakad
261,bottom,adjective,,hēṭam ̐,hetam 
262,boulder,noun,,bhāṭa,bhaata
263,bounce,noun,,dhakkā,dhakkaa
264,boundary,noun,,ilākō,ilaako
265,bow,noun,,bāṇaṁ,baanam
266,bow before god,noun,,dhōk,dhok
267,bowl,verb,,raḍāyēr,radaayer
268,box,noun,,pipā,pipaa
269,boy,noun,,chvārā,chhvaaraa
270,boyish,adjective,,nānkā,naankaa
271,bracelet,noun,,kolḍā,koldaa
272,brain,noun,,bhējo,bhejo
273,bran,noun,,cūro,churo
274,branch,noun,,ḍvāḷi,dvaali
275,branching,noun,,phyālgi,phyaalgi
276,brass,adjective,,pitlo,pitlo
277,bread,noun,,bāṭi,baati
278,break,verb,,tōḍ,tod
279,break it,verb,,ṭōḍnākō,todnaako
280,breast,noun,,baccir,bachchir
281,breath,noun,,vām̐s,vaams
282,breed,noun,,jāt,jaat
283,brick,unknown,,iṭika,itika
284,bride,noun,,navlēri,navleri
285,bright,adjective,,jhāṅkrō,jhaankro
286,bristle,noun,,pōsa,posa
287,broken,unknown,,ṭūṭ gī,tut gi
288,broken hard coconut,noun,,kāclī,kaachli
289,brooks,noun,,khāḷyā,khaalyaa
290,broomstick,noun,,bāṇṇi,baanni
291,brother,noun,,bhāyi,bhaayi
292,brother-in-law,noun,,bhanōyi,bhanoyi
293,brush,noun,,kulā,kulaa
294,brushing,unknown,,mān̄jēr,maanjer
295,bucket,noun,,bokkena,bokkena
296,Buddhism,adjective,,baudda jāt,baudda jaat
297,buffalo,noun,,bhyām ̐sā,bhyaam saa
298,bug,noun,,kośāri,koshaari
299,building up the fire,unknown,,ān̄c jādākar,aanch jaadaakar
300,bulb,noun,,bugga,bugga
301,bull,noun,,baḷad,balad
302,bully,noun,,raḷēṭu,raletu
303,bump,noun,,phōḍā,phodaa
304,bundle,noun,,pāḷ,paal
305,burly ad,verb,,jāḍo,jaado
306,burn,verb,,bāḷēnam ̐,baalenam 
307,burning,verb,,baḷgō,balgo
308,burning fire,verb,,lāgro,laagro
309,burnt,noun,,baḷgō,balgo
310,burrow,unknown,,dalḍā,daldaa
311,bury,noun,,gāḍ,gaad
312,bush,unknown,,bockā,bochkaa
313,business organization,unknown,,vyāpār,vyaapaar
314,bust,noun,,chām̐tti,chhaamtti
315,but,conjunction,,napaṇ,napan
316,butcher,verb,,kāṭēr,kaater
317,butter,noun,,nūṇi,nuni
318,buttocks,unknown,,pūnd,pund
319,by the side of,noun,,sām,saam
320,by threatening,verb,,camkān,chamkaan
321,bygone,verb,,bujargojako,bujargojako
322,cabbage,noun,,kyābēji,kyaabeji
323,cabin,noun,,almār,almaar
324,calf,noun,,kēlḍā,keldaa
325,call,noun,,pakār,pakaar
326,calm,verb,,samjām ̐,samjaam 
327,camel,noun,,huṇṭaḍi,huntadi
328,can be given,unknown,,dēvāsu,devaasu
329,can get it,verb,,lāyesāru,laayesaaru
330,canal,noun,,kālvā,kaalvaa
331,cancel,verb,,khulānāk,khulaanaak
332,cancellation,noun,,rad,rad
333,candle,noun,,myāṇēr dīyō,myaaner diyo
334,cantankerous,noun,,kaḷeṅki,kalenki
335,capability,noun,,āyisat,aayisat
336,care,noun,,aṭkaḷēti,atkaleti
337,carefully ad,verb,,ḍhīlo,dhilo
338,carelessly ad,verb,,bagar aṭkaḷēti,bagar atkaleti
339,carpenter,noun,,khātti,khaatti
340,carpenters adze,noun,,bārṣā,baarshaa
341,carriage,noun,,ḍhaṅg,dhang
342,carve,verb,,chōl,chhol
343,case,noun,,kāraṇ,kaaran
344,cash,noun,,nagad,nagad
345,cashew nut tree,noun,,bhalāmār jhāḍ,bhalaamaar jhaad
346,caste,noun,,kaḷāl,kalaal
347,cat,noun,,bissi,bissi
348,catch,noun,,pakaḍ,pakad
349,caution,noun,,vakat,vakat
350,cavity,noun,,khōbo,khobo
351,cease,verb,,chōḍ,chhod
352,cemetery,noun,,masāṇ,masaan
353,centipede,noun,,jōg,jog
354,chafe,verb,,āg būkari,aag bukari
355,chaff,noun,,bālḍi,baaldi
356,chain,noun,,sāṅkaḍ,saankad
357,chair,noun,,kurci,kurchi
358,chameleon,noun,,ḍākṇo ghōḍo,daakno ghodo
359,chance,noun,,adan,adan
360,chant,verb,,bōlērō,bolero
361,character,noun,,āṅk,aank
362,charm,verb,,mantar mār,mantar maar
363,charming,adjective,,āccōdikāvajakō,aachchodikaavajako
364,charmingly ad,verb,,lāḍēti,laadeti
365,chase,verb,,bhaḍkāyēr,bhadkaayer
366,chase by running,unknown,,ḍapaṭ,dapat
367,cheated,adjective,,dhōkapaḍago,dhokapadago
368,check,noun,,khvālē,khvaale
369,check out,verb,,dēkerō,dekero
370,checking attendance,unknown,,āyēju dēk,aayeju dek
371,cheese,noun,,baḷi,bali
372,chest,noun,,chām̐tti,chhaamtti
373,chickpea,noun,,cengya,chengya
374,childbirth,noun,,pīḍē,pide
375,children,noun,,chucāpar,chhuchaapar
376,chilly,adjective,,marcā,marchaa
377,chimera,noun,,నకామ్,నకామ్
378,chimney,noun,,dhūyēro boṅgu,dhuyero bongu
379,chip,noun,,ṭokḍā,tokdaa
380,chisel,noun,,uli,uli
381,choice,noun,,ōṭ,ot
382,chop,verb,,phar,phar
383,chops,noun,,chīrēro,chhirero
384,chronicle,noun,,penār,penaar
385,chutney,noun,,acār,achaar
386,cinder,unknown,,lūḍi,ludi
387,cinema,noun,,silmā,silmaa
388,circling,noun,,viṇṭrō,vintro
389,circular rounded spherical,adjective,,ghōḷōsāṇ,gholosaan
390,cistern,noun,,ḍabbō,dabbo
391,city,noun,,gām,gaam
392,claim,verb,,pīsabhānd,pisabhaand
393,clan,noun,,pāḍā,paadaa
394,class,noun,,taragat,taragat
395,classifications,noun,,ṭāḷnākēr,taalnaaker
396,clay,noun,,māḷērdhūḍ,maalerdhud
397,clean,noun,,sāphkarēr,saaphkarer
398,cleanliness,noun,,catrāyi,chatraayi
399,clearly ad,verb,,kūb āc,kub aach
400,clerk,noun,,gumastā,gumastaa
401,clever,unknown,,calāki,chalaaki
402,climate,noun,,vātāvaraṇaṁ,vaataavaranam
403,climb,verb,,cam̐ḍ,chamd
404,close,adjective,,ḍham̐yi,dhamyi
405,cloth worn around waist,noun,,dhōti,dhoti
406,cloths,noun,,latokḍā,latokdaa
407,cloud,noun,,vājaḷ,vaajal
408,cloud of dust,noun,,aṅgoḷō,angolo
409,clout,noun,,kocōṭi,kochoti
410,cloves,noun,,lūṅg,lung
411,coarse brown sugar,noun,,gōḷ,gol
412,cock,unknown,,kukḍo,kukdo
413,cockroach,noun,,kośāri,koshaari
414,cocks crow,unknown,,bāṅgro,baangro
415,coconut,noun,,nāraḷ,naaral
416,cold,noun,,sī,si
417,collapsed,unknown,,kūlgō,kulgo
418,collect,verb,,vasūl karēr,vasul karer
419,collection,noun,,bheḷībhēḷāyō,bhelibhelaayo
420,comb,noun,,kāṅgsi,kaangsi
421,combine,verb,,goḷāvo,golaavo
422,combing,noun,,vāyērō,vaayero
423,come,verb,,ā,aa
424,come and get,unknown,,lāyōjako,laayojako
425,coming,noun,,āri,aari
426,command,noun,,kērō,kero
427,common general ad,verb,,sādasīda,saadasida
428,community,noun,,jan,jan
429,companion,noun,,pyāro,pyaaro
430,compare,verb,,pharak,pharak
431,compensation,noun,,phiṭgē,phitge
432,competition,noun,,hapte,hapte
433,complaint,noun,,pakārēr,pakaarer
434,complete,unknown,,khuṭāḍ,khutaad
435,compliant,noun,,pakārēr,pakaarer
436,compose,verb,,jōḍēro,jodero
437,comprise,verb,,tārēmā bhēḷḷam ̐,taaremaa bhellam 
438,compulsion,verb,,jōrbār ti,jorbaar ti
439,compulsory,verb,,kūm̐yiti,kumyiti
440,conception,noun,,baṅglā,banglaa
441,conciliate,verb,,kamā,kamaa
442,condition,noun,,tarika,tarika
443,conducts,noun,,ṭhakul,thakul
444,confidence,unknown,,bharōsa,bharosa
445,confirm,verb,,kāṭṭō kar,kaatto kar
446,connection,noun,,nāto,naato
447,connects,noun,,kalap,kalap
448,conscious,noun,,sōy,soy
449,consciousness,unknown,,bhuḷi,bhuli
450,console,verb,,samjām ̐,samjaam 
451,consolidate,verb,,ēkkarēr,ekkarer
452,constituted,adjective,,māṇḍejakō,maandejako
453,consult,verb,,bhaḷge,bhalge
454,contact,noun,,bhaḷge,bhalge
455,contend,verb,,laḍ,lad
456,continent,noun,,khaṇḍ,khand
457,continue,verb,,vam̐jakō,vamjako
458,control,verb,,thamāḍ,thamaad
459,convenient,adjective,,vajako,vajako
460,conversion,noun,,badalāyēr,badalaayer
461,converting,noun,,badalāyēr,badalaayer
462,cooking oil,unknown,,miṭotēl,mitotel
463,cool,verb,,olā,olaa
464,cooling,unknown,,salvā,salvaa
465,coriander leaf,noun,,dhaṇīyār pān,dhaniyaar paan
466,corner,noun,,konorā,konoraa
467,corpse,unknown,,pīngā,pingaa
468,correct,verb,,sāyākar,saayaakar
469,correcting,noun,,sadar,sadar
470,corrode,verb,,khālam ̐,khaalam 
471,cot,noun,,palaṅg,palang
472,cotton,noun,,rūm̐,rum
473,cough,noun,,khām̐si,khaamsi
474,counsel,noun,,ḍhaṅg,dhang
475,count,verb,,gaṇti,ganti
476,course,noun,,cāl,chaal
477,court,unknown,,nyāyasthān,nyaayasthaan
478,cover,noun,,ḍhāṅkṇi,dhaankni
479,covered,adjective,,būran cham ̐ jakō,buran chham  jako
480,cow,noun,,gāvḍi,gaavdi
481,crab,noun,,kyāṅkḍo,kyaankdo
482,crack,noun,,phūṭ jā,phut jaa
483,cracks,noun,,cirrā,chirraa
484,cradle,noun,,hindoḍo,hindodo
485,crawl,verb,,gōḍiyāvu cāl,godiyaavu chaal
486,cream,noun,,thari,thari
487,create,verb,,baṇā,banaa
488,creation,noun,,puṭka,putka
489,creature which eats snakes,noun,,muṅgēsa,mungesa
490,credit,noun,,nam̐mman,nammman
491,creeper,noun,,vēl,vel
492,creeping,verb,,goḍiyāṁ cālēr,godiyaam chaaler
493,creepy,adjective,,sarkēr,sarker
494,crimson,noun,,lālocaṭak,laalochatak
495,cripple,adjective,,ṭūṇṭō,tunto
496,crocodile,noun,,maṅgar,mangar
497,Crore,noun,,karōḍ,karod
498,cross roads,unknown,,āḍvāṭ,aadvaat
499,crossing,unknown,,laṅg,lang
500,crow,noun,,kākla,kaakla
501,crowbar,noun,,gaḍḍapāra,gaddapaara
502,crowd,noun,,jhūṇḍ,jhund
503,cruel,adjective,,pāpi,paapi
504,crush,verb,,curokar,churokar
505,crutch,noun,,phāṅkāvāḷ lakḍī,phaankaavaal lakdi
506,cuckoo,noun,,kōbal,kobal
507,cucumber,unknown,,kākḍi,kaakdi
508,cue,noun,,niśāni,nishaani
509,cuffs,noun,,golcu,golchu
510,culprit,noun,,cōr,chor
511,cultivated,adjective,,pacāyēr,pachaayer
512,culture,noun,,tīj,tij
513,cumin,noun,,jīrō,jiro
514,cunning,noun,,kilāḍi,kilaadi
515,cunning fox,unknown,,ṭhagevāḷo sāḷyā,thagevaalo saalyaa
516,curry,noun,,noṅgvāṇ,nongvaan
517,curse,verb,,sarāp,saraap
518,custard apple,noun,,sītāphaḷ,sitaaphal
519,custom,noun,,iḍti,idti
520,cut,noun,,kāṭēr,kaater
521,cut one,unknown,,kaṭāgo,kataago
522,cutter with base,unknown,,kāṭṭu,kaattu
523,cycle,noun,,saikil,saikil
524,dab,noun,,kvāḷ,kvaal
525,dads younger brother,noun,,kāka,kaaka
526,damage,verb,,kulā,kulaa
527,damp soil,unknown,,bhīno rēr,bhino rer
528,dance,noun,,nācēr,naacher
529,dancing,noun,,nāc,naach
530,danger,noun,,āpti,aapti
531,danger accident casualty,noun,,khatrā,khatraa
532,darkness,noun,,andāro,andaaro
533,darling,adjective,,pyāri,pyaari
534,dart,noun,,tīr,tir
535,dash,verb,,dharas,dharas
536,dash souse ad,verb,,dankē,danke
537,date,noun,,khajjurā,khajjuraa
538,daub,verb,,copaḍ,chopad
539,daughter,noun,,bēṭi,beti
540,dawn,noun,,parbāti,parbaati
541,day,noun,,dāḍi,daadi
542,daylight,noun,,dīyōm ̐,diyom 
543,daylight sunlight,noun,,jōt,jot
544,death,noun,,margō,margo
545,debilitate,verb,,vaṅgdero kōni,vangdero koni
546,decayed state,noun,,paḍāvpaḍgi,padaavpadgi
547,decent,adjective,,āc,aach
548,decision,noun,,kēlēr,keler
549,declining,noun,,buḍtōjārō,budtojaaro
550,decoration,noun,,sodār,sodaar
551,deep,adjective,,ūṇḍō,undo
552,deep sleep,noun,,gyāri nind,gyaari nind
553,deer,noun,,citili,chitili
554,defeat,noun,,hārgō,haargo
555,defer,verb,,thamāḍ,thamaad
556,deficiency,noun,,ఖోట్,ఖోట్
557,deficiency deficit,noun,,kāḷō,kaalo
558,deficient,adjective,,banābaro,banaabaro
559,degenerate,noun,,banāgatēro,banaagatero
560,delay,noun,,ḍhīlo,dhilo
561,deliver,verb,,jaṇēr,janer
562,deluge,verb,,ḍubāḍnāk,dubaadnaak
563,democratic party,unknown,,prajāsvāmya pārṭi,prajaasvaamya paarti
564,demolish,verb,,kulā,kulaa
565,demonstrate,verb,,puropāḍ,puropaad
566,dense,adjective,,gyārogac,gyaarogach
567,densely ad,verb,,gyārogac,gyaarogach
568,dent,noun,,kāṭ,kaat
569,depart,verb,,margō,margo
570,departure,noun,,calejāyēr,chalejaayer
571,depending,noun,,abādirēr,abaadirer
572,deport,verb,,bhaḍkādīne,bhadkaadine
573,depth,unknown,,uṇḍēmā,undemaa
574,derivation,noun,,hūyēr,huyer
575,derive,verb,,āyēr,aayer
576,descend,verb,,hutar,hutar
577,descendant heir,noun,,vēl,vel
578,describe,verb,,khōḷan kam ̐,kholan kam 
579,desert,noun,,uskyār bīḍ,uskyaar bid
580,desiring,noun,,māṅgēr,maanger
581,detail,verb,,vodōḍ dam ̐,vodod dam 
582,deteriorate,verb,,navasgo,navasgo
583,devastate,verb,,bigaḍāyēr,bigadaayer
584,develop,verb,,baḍāvṇō,badaavno
585,devilish,noun,,pāpi,paapi
586,dew,noun,,bharap,bharap
587,did not go,verb,,gōkoni,gokoni
588,died,verb,,mūyō,muyo
589,difference,noun,,pharak,pharak
590,difficulty,noun,,kaśṭāti,kashtaati
591,dig,verb,,khōd,khod
592,dig a shallow in depth,noun,,puṭikyā,putikyaa
593,digestion,noun,,gaḷērō,galero
594,"digest, get digested",verb,,ḍham̐yikar,dhamyikar
595,dire,noun,,jaldir,jaldir
596,dirt,adjective,,myāl,myaal
597,dirty,adjective,,myāl,myaal
598,dirty hand,unknown,,meḷāḷō hāt,melaalo haat
599,dirty water,unknown,,gadḷo pāṇī,gadlo paani
600,disability,noun,,ṭūṇṭō,tunto
601,disarrange,noun,,bhēḷbhāḷ,bhelbhaal
602,discern,verb,,ḍhūṇḍ,dhund
603,disciple,noun,,cēḷā,chelaa
604,discipline,noun,,ḍhaṅgēti,dhangeti
605,disclose,verb,,kērō,kero
606,discord,verb,,vaṭlo,vatlo
607,disease,noun,,dok,dok
608,disgusting,adjective,,ballā ḍhaṅgēro,ballaa dhangero
609,dish,noun,,rāndēr,raander
610,dishonesty,noun,,bē imāni,be imaani
611,dismantle,adjective,,khulānāk,khulaanaak
612,dispassionate,adjective,,bagar kapaṭēr,bagar kapater
613,dispel,verb,,khō gō,kho go
614,disperse,verb,,bhaḍkāyēr,bhadkaayer
615,dispose,verb,,bagā,bagaa
616,disrespectful,adjective,,banā malādēro,banaa malaadero
617,dissuade,verb,,phēr,pher
618,distance,unknown,,cheṭi,chheti
619,distribute,unknown,,vyāṇṭ,vyaant
620,distribution,noun,,dēmelēr,demeler
621,distrust,noun,,gumān,gumaan
622,disturbance,verb,,chīṇṭ chāṇṭ,chhint chhaant
623,disunited,adjective,,dīvaḍi karnākejakō,divadi karnaakejako
624,divorce,noun,,māmlotōḍēro,maamlotodero
625,divorced person,unknown,,choḍichāḍō,chhodichhaado
626,do,verb,,kar,kar
627,do jumble,unknown,,attar pattar kar,attar pattar kar
628,do the damage,verb,,kharāp,kharaap
629,doctrine,noun,,jāt,jaat
630,dog,noun,,kotrā,kotraa
631,donkey,noun,,gaddi,gaddi
632,donor pro,noun,,dēvāḷō,devaalo
633,dont end,verb,,purokarmat,purokarmat
634,door,noun,,kavāḍi,kavaadi
635,doorbell,noun,,kasāpṭi,kasaapti
636,doorway,noun,,kaḍpā,kadpaa
637,douse,verb,,olā,olaa
638,downfall,noun,,būḍgo,budgo
639,drama,noun,,nāṭak,naatak
640,draw,noun,,khānā,khaanaa
641,dream,noun,,sapanō,sapano
642,dreary,adjective,,rāndīmā cham ̐,raandimaa chham 
643,drench,verb,,gāḷ,gaal
644,dried,verb,,pharkārō,pharkaaro
645,dried big round tablets made,unknown,,chaṇa,chhana
646,dried in sunlight,unknown,,taḍkēmā sukān,tadkemaa sukaan
647,drift,noun,,jōrti,jorti
648,drill,noun,,barma,barma
649,drink,verb,,pi,pi
650,drive,verb,,cham̐lā,chhamlaa
651,drooping eyelids,noun,,mōṭē bhammrā,mote bhammraa
652,drop,noun,,chāṇṭ,chhaant
653,droppings,noun,,gōbar,gobar
654,drowned,unknown,,ḍūbgi,dubgi
655,drum,noun,,naṅgārā,nangaaraa
656,dry,verb,,tāvḍōmārro,taavdomaarro
657,dry under sun,verb,,sūkāyēr,sukaayer
658,dual,adjective,,jōḍi,jodi
659,dumb person,noun,,yāṇḍo manikyā,yaando manikyaa
660,dump,verb,,undā,undaa
661,duration,noun,,geṭṭu,gettu
662,dust,noun,,aṅgoḷō,angolo
663,dust heap,unknown,,vokalḍi,vokaldi
664,dusting,noun,,jhaḍ kār,jhad kaar
665,dwarf,noun,,pōḍgā,podgaa
666,dye,noun,,chōpḍēro,chhopdero
667,dying,verb,,margō,margo
668,dysentery,noun,,pēṭcālēr,petchaaler
669,each,noun,,ēkēk,ekek
670,eagle,noun,,sakrā,sakraa
671,ear,noun,,kān,kaan
672,ear hole,unknown,,kānēr vēj,kaaner vej
673,eardrum,noun,,gubli,gubli
674,earn earns,verb,,kamā,kamaa
675,earring,noun,,kānēr kammal,kaaner kammal
676,earth,noun,,jammi,jammi
677,earwax,noun,,maḷāyi,malaayi
678,east,noun,,laṅkā,lankaa
679,eastward,noun,,heṭāl sām,hetaal saam
680,easy,noun,,hoḷiyānt,holiyaant
681,eat meal,noun,,khāyēr,khaayer
682,eating,noun,,khāyēr,khaayer
683,edge,noun,,konorā,konoraa
684,edible,adjective,,khāyēr,khaayer
685,education,noun,,paḍāyi,padaayi
686,effort,noun,,kōśiś,koshish
687,egg,noun,,iṇḍā,indaa
688,eight,numeral,,āṭ,aat
689,eighteen,numeral,,aṭhāram ̐,athaaram 
690,eighty,noun,,assi,assi
691,elaborate,adjective,,cvāḍō,chvaado
692,elbow,noun,,khūṇi,khuni
693,elder brother,noun,,bhīyā,bhiyaa
694,elder brothers wife,noun,,bhojāyi,bhojaayi
695,elder maternal aunt,noun,,mōṭyāḍi,motyaadi
696,electricity,noun,,karaṇṭ,karant
697,elegant,adjective,,majāti,majaati
698,elephant,noun,,hātti,haatti
699,eleven,numeral,,gyāram ̐,gyaaram 
700,elf,noun,,pōṭiyā,potiyaa
701,eliminate,verb,,nikaḷ,nikal
702,embers from a fire,unknown,,bhōbar,bhobar
703,emergency,noun,,āpti,aapti
704,emigrate,verb,,lād jō,laad jo
705,employer,noun,,bāmmaṇ,baamman
706,empty,noun,,sūn,sun
707,enamel,verb,,vēs pyār,ves pyaar
708,encounters,verb,,khēv,khev
709,end,adjective,,ākhar,aakhar
710,end of the road,unknown,,pilla vāṭ,pilla vaat
711,endless,adjective,,katrāyikō,katraayiko
712,endure,verb,,kham lam ̐,kham lam 
713,enemy,noun,,duśmaṇ,dushman
714,energy,noun,,jōrbār ti,jorbaar ti
715,enervation,unknown,,kamjōr,kamjor
716,engine,noun,,in̄jaṇ,injan
717,England,noun,,iṅglāṇḍ,inglaand
718,English,noun,,iṅglīṣ,inglish
719,enrol,verb,,śarik,sharik
720,enter,verb,,jō,jo
721,entertainment,noun,,khuśāl,khushaal
722,entrance,unknown,,galmā,galmaa
723,enumeration,noun,,lekko,lekko
724,environment,noun,,āspāsemā,aaspaasemaa
725,erase,verb,,lūyēr,luyer
726,eruption,noun,,phuṭēr,phuter
727,escape,verb,,tapā,tapaa
728,established pro,noun,,sthāpit,sthaapit
729,estate,noun,,jāgīr,jaagir
730,eunuch,noun,,bāyalā,baayalaa
731,even ad,verb,,vatōyi,vatoyi
732,even though ad,verb,,tōyi,toyi
733,evening,noun,,sān̄j,saanj
734,eventually ad,verb,,kosān,kosaan
735,every day,noun,,dāḍi,daadi
736,everyone,noun,,sē,se
737,everything,noun,,sē,se
738,evident,verb,,chaṇgo,chhango
739,evil,noun,,dānā,daanaa
740,ewes,noun,,gōrli,gorli
741,exact,adjective,,asli,asli
742,exactly ad,verb,,kharā khaṇḍi,kharaa khandi
743,ad,verb,,barōbar,barobar
744,example,noun,,udāhārār,udaahaaraar
745,exceed,verb,,baḍgo,badgo
746,except,adjective,,rēgojakō,regojako
747,exchange,verb,,phēr,pher
748,exercise,noun,,kasrat,kasrat
749,existing,verb,,chūm̐.,chhum.
750,expand,verb,,jādāphyālēr,jaadaaphyaaler
751,expatriate,verb,,nikāḷdēr,nikaalder
752,expenditure,noun,,kharac,kharach
753,experience,verb,,ḍhūṇḍ,dhund
754,experienced,unknown,,anubhav cham ̐jakō,anubhav chham jako
755,explode,noun,,phuṭēr,phuter
756,extend,verb,,baḍā,badaa
757,extinct ad,verb,,pharāgat,pharaagat
758,extortion,noun,,nakām,nakaam
759,extra,adjective,,jāppā,jaappaa
760,extravagant,noun,,nakām,nakaam
761,extreme,adjective,,asmān,asmaan
762,extricate,verb,,chōḍālējō,chhodaalejo
763,exude,verb,,cuvam ̐,chuvam 
764,ex-husband,unknown,,agḍir gharēvāḷō,agdir gharevaalo
765,ex-wife,unknown,,agḍir ṭāṇḍri,agdir taandri
766,eye,noun,,āṅki,aanki
767,eyelash,noun,,bhamra,bhamra
768,face,verb,,muṇāṅg āyēr,munaang aayer
769,factor,noun,,savāl pūn ̄cēr,savaal pun cher
770,factory,noun,,kārkhānā,kaarkhaanaa
771,fairly ad,verb,,nāyamēti,naayameti
772,falling,unknown,,jhaḍhe,jhadhe
773,falling again,unknown,,undopaḍēr,undopader
774,false belief,noun,,āśa,aasha
775,false talk,noun,,ṭhālivātē,thaalivaate
776,fame,noun,,baḍonām,badonaam
777,family,noun,,āḷi,aali
778,famine,noun,,kāḷō,kaalo
779,fare,noun,,bhāv,bhaav
780,farina,noun,,kaṇki,kanki
781,farm,noun,,gutta,gutta
782,farmer,noun,,jammēdār,jammedaar
783,fast,adjective,,jaldi,jaldi
784,faster ad,verb,,sapkē,sapke
785,fat,noun,,jōr,jor
786,fate,noun,,ghaḍi,ghadi
787,father,noun,,bāp,baap
788,favour,unknown,,āsarō,aasaro
789,fear,verb,,camak,chamak
790,fearless,noun,,himmat,himmat
791,fear terror,noun,,camak,chamak
792,feather,noun,,paṅkōḍār laṭṭā,pankodaar lattaa
793,feathers,noun,,poṅkoḍār laṭṭa,ponkodaar latta
794,feature,noun,,ḍhaṅg,dhang
795,feces,noun,,gū,gu
796,feed,verb,,khorā,khoraa
797,feel,noun,,kēlēr,keler
798,feeling,noun,,dalēti,daleti
799,feeling giddy,unknown,,ghēri pharēr,gheri pharer
800,fellow,noun,,sōpti,sopti
801,female calf,noun,,kelḍī,keldi
802,female cheetah,unknown,,citto,chitto
803,female fox,unknown,,sāḷi,saali
804,female frog,unknown,,miṭki,mitki
805,female goat,unknown,,chēḷī,chheli
806,"female horse, mare",unknown,,ghōḍi,ghodi
807,"female pig, sow",noun,,sūri,suri
808,female slave,noun,,dāsi,daasi
809,"female tiger, tigress",noun,,janāvar,janaavar
810,fence,unknown,,daḍi,dadi
811,fencing,noun,,vāḍ,vaad
812,fenugreek,noun,,metti,metti
813,fertilizer,noun,,davā,davaa
814,fever,noun,,tāv,taav
815,few a good few,noun,,dassēk,dassek
816,fibre,noun,,nāra,naara
817,fiction,noun,,jāṇan,jaanan
818,field,noun,,kyārā,kyaaraa
819,fifteen,numeral,,pandram ̐,pandram 
820,fifty,numeral,,pacās,pachaas
821,figure,verb,,ṭhakul,thakul
822,fill,verb,,bhar,bhar
823,filled,unknown,,bhari,bhari
824,film,noun,,silmā,silmaa
825,filtered,adjective,,chāṇ,chhaan
826,final,adjective,,ākhar,aakhar
827,finance,noun,,pisa,pisa
828,finding,unknown,,lābēr,laaber
829,fingers,noun,,āṅgḷi,aangli
830,finish,verb,,pūr vēgō,pur vego
831,finishing,adjective,,ākhar,aakhar
832,fire,noun,,aṅgār,angaar
833,fire with a gun,unknown,,bandukēti bhāḷēr,banduketi bhaaler
834,firebrand,unknown,,bhobrēr jhārā,bhobrer jhaaraa
835,fires have risen,noun,,hōḷi,holi
836,firewood,unknown,,cūlēr lakḍī,chuler lakdi
837,first,adjective,,dharagaḍiyā,dharagadiyaa
838,first half,unknown,,mūṅgāṇēr ādo,mungaaner aado
839,first husband,unknown,,agḍīr ṭāṇḍēr,agdir taander
840,first name,unknown,,āgḍiyār nām,aagdiyaar naam
841,first one,noun,,agḍīrō,agdiro
842,fish hook,noun,,gaḷ,gal
843,fist,noun,,muṭṭi,mutti
844,fit,verb,,bheḷā,bhelaa
845,fix,verb,,gālḍam ̐,gaaldam 
846,flabby,adjective,,pōlo vēgojako,polo vegojako
847,flag,noun,,jhaṇḍā,jhandaa
848,flat,noun,,kūb āc,kub aach
849,flat nose,unknown,,mukiḍi,mukidi
850,fleck,noun,,talli,talli
851,flesh,noun,,lvāḷā,lvaalaa
852,flexible,adjective,,navam ̐jakō,navam jako
853,flitting,noun,,vaḍgō,vadgo
854,floating,verb,,tarrō,tarro
855,flogging,noun,,mārēr,maarer
856,flood,noun,,khāḷyā,khaalyaa
857,flooded,noun,,kūṭlēgo,kutlego
858,floor,noun,,jammi,jammi
859,flour,noun,,āṭō,aato
860,flower,noun,,phūl,phul
861,flowering,unknown,,lāgē,laage
862,flowing,unknown,,pārrojakō,paarrojako
863,fluttering,verb,,halā,halaa
864,fly,noun,,mākki,maakki
865,flying,unknown,,bamro,bamro
866,fog,noun,,dhūyēr vas,dhuyer vas
867,fold,noun,,dhaḍi,dhadi
868,folk song,adjective,,jānapadaṁ,jaanapadam
869,fondle,verb,,cumajakō,chumajako
870,food,noun,,khāyēr,khaayer
871,foot,noun,,ṭāṅg,taang
872,foot print,noun,,khōj,khoj
873,footprint,noun,,dhap,dhap
874,for ad,verb,,vāsu,vaasu
875,for him pro,noun,,vāsu,vaasu
876,forceps,noun,,cimṭā,chimtaa
877,foreboding,noun,,sammaṇ,samman
878,forefinger,noun,,tagarāyēr āṅgḷi,tagaraayer aangli
879,forehead,noun,,tapāḷō,tapaalo
880,foreign,adjective,,dusro,dusro
881,forever,noun,,ṭhēṭetāṇu,thetetaanu
882,forfeiture,noun,,khōldo,kholdo
883,forgetfulness,noun,,bhūlēr,bhuler
884,forgive,verb,,māphikar,maaphikar
885,form,verb,,vēr,ver
886,forthcoming,adjective,,āvam̐jakō,aavamjako
887,forthright ad,verb,,sūdō,sudo
888,forty,noun,,cāḷis,chaalis
889,forward,verb,,āṅgam ̐,aangam 
890,fossil,noun,,bhāṭār murat,bhaataar murat
891,founder,noun,,bhandāyōjakō,bhandaayojako
892,fountain,noun,,ūṭa,uta
893,foursome,noun,,cāri,chaari
894,fourteen,numeral,,caudam ̐,chaudam 
895,fourth part,unknown,,cār,chaar
896,fox,noun,,sāḷyā,saalyaa
897,fragile,adjective,,peḍsu,pedsu
898,frame,noun,,girra,girra
899,free,noun,,phokaṭ,phokat
900,free from bondage,noun,,svatantraṁ,svatantram
901,freely ad,verb,,ājādi,aajaadi
902,fresh,adjective,,taḍtēr,tadter
903,friction,noun,,ghasāri,ghasaari
904,from ad,verb,,attēti,atteti
905,from now,unknown,,abbēti,abbeti
906,from that,unknown,,ōmāti,omaati
907,from the front,unknown,,āṅgēti,aangeti
908,from there ad,verb,,otti,otti
909,frost,noun,,baram ̐pēr,baram per
910,fruit,noun,,phaḷ,phal
911,fuel,noun,,tēl,tel
912,full,noun,,pūro,puro
913,fullness,noun,,sāri,saari
914,fully ad,verb,,bharpūr,bharpur
915,fur,noun,,ūn,un
916,gaffer,noun,,ḍōkrā,dokraa
917,gain,noun,,phāyēdo,phaayedo
918,gambling with cock fighting,unknown,,kukkaḍ bāttu,kukkad baattu
919,gang,noun,,jaṭṭi,jatti
920,Ganges river,unknown,,gaṅgā nandi,gangaa nandi
921,gap,noun,,māyi,maayi
922,gargle,verb,,kalḍōnāk,kaldonaak
923,garlic,unknown,,nassaṇ,nassan
924,gas,noun,,vāḷ,vaal
925,gash,verb,,gīs,gis
926,gate,noun,,galamā,galamaa
927,gateway,noun,,mōṭvāṭ,motvaat
928,gather,verb,,ḍhūṇḍ lā,dhund laa
929,gathering,noun,,maḷāv,malaav
930,genealogy,noun,,piḍi,pidi
931,generate,verb,,jaṇāvam ̐,janaavam 
932,genetic,noun,,piḍi,pidi
933,get,verb,,lā,laa
934,get near,noun,,ḍham̐yikar,dhamyikar
935,get up,verb,,ūṭ,ut
936,getting,noun,,lā,laa
937,getting finished,unknown,,pūr vēgō,pur vego
938,getting for oneself,noun,,lēlen ā,lelen aa
939,getting irritated,unknown,,cidra karēr,chidra karer
940,getting relieved,unknown,,chūṭ gō,chhut go
941,getting up one,noun,,ūṭēr,uter
942,getting worried,verb,,hin̄jargō,hinjargo
943,gift,noun,,inām,inaam
944,gill,noun,,jābḍō,jaabdo
945,ginger,noun,,adarak,adarak
946,girlfriend,noun,,sōptaṇ,soptan
947,girlish,adjective,,naramō,naramo
948,give,verb,,dam̐,dam
949,give away,noun,,dēnāk,denaak
950,giver pro,noun,,dēvāḷō,devaalo
951,giving,noun,,dēr,der
952,giving birth,verb,,jaṇēr,janer
953,giving injection,verb,,sūyi mār,suyi maar
954,glass,noun,,gilās,gilaas
955,glass piece,noun,,ārsi,aarsi
956,glisten,verb,,jhāṅkrō,jhaankro
957,glistening,noun,,jhāṅkēr,jhaanker
958,glitter,noun,,jhāṅkēr,jhaanker
959,glittering,unknown,,cam cam,cham cham
960,"glittering, flashing",unknown,,chaṅki,chhanki
961,gloom,noun,,vicār,vichaar
962,glow,noun,,vajāḷō,vajaalo
963,go,unknown,,gō,go
964,go to toilet,unknown,,hāṅg,haang
965,Godavari,unknown,,gōdāvari nandi,godaavari nandi
966,Gods place temple,unknown,,church,chhurchh
967,goggling,unknown,,khōṅkḷēr,khonkler
968,going on a fast run,unknown,,dhām̐s,dhaams
969,gold,noun,,sōnō,sono
970,good,adjective,,ācco,aachcho
971,good one,noun,,sorēr,sorer
972,good words,unknown,,āccīvātē,aachchivaate
973,goody ad,verb,,āc,aach
974,"gore, pierce",unknown,,ṭān̄cēro,taanchero
975,got a divorse,unknown,,ṭūṭgijako,tutgijako
976,got absorbed,verb,,suntāgo,suntaago
977,got bulged,noun,,āpriyāyo,aapriyaayo
978,got cooked,verb,,sījgo,sijgo
979,got sprouted,verb,,hūgō,hugo
980,got swelling,noun,,sūjgō,sujgo
981,gourd,noun,,tummḍi,tummdi
982,governance,noun,,nāyakī,naayaki
983,government,noun,,sarkār,sarkaar
984,grab,verb,,khōslam ̐,khoslam 
985,grain,unknown,,dāṇā,daanaa
986,grand daughter,noun,,pōti,poti
987,grandfather,noun,,dādā,daadaa
988,grandfathers grandfather,noun,,paḍ dādā,pad daadaa
989,grandmother,unknown,,nāni,naani
990,grandparent,noun,,dādā,daadaa
991,grape,noun,,aṅgūr,angur
992,grass,unknown,,khaḍ,khad
993,grasshopper,noun,,tīḍkā,tidkaa
994,grate ad,verb,,curo curo,churo churo
995,gravel,noun,,kaṅkara,kankara
996,gravy,noun,,rābḍi,raabdi
997,graze,verb,,carā,charaa
998,grazing,verb,,carēr,charer
999,grease,noun,,cikṇō,chikno
1000,great,adjective,,baḍi ācco,badi aachcho
1001,greedy,adjective,,khāvumīt,khaavumit
1002,green vegetable,noun,,gōl,gol
1003,greet,noun,,namaskār,namaskaar
1004,grind,verb,,rūp,rup
1005,ground pepper,adjective,,kāḷi marcē,kaali marche
1006,ground land,noun,,jāg,jaag
1007,group,unknown,,jhūṇṭ,jhunt
1008,group of animals,unknown,,khāḍu,khaadu
1009,grouse,noun,,gunasrō,gunasro
1010,grow,noun,,dham̐yi,dhamyi
1011,growth,noun,,vadrō,vadro
1012,guard,noun,,kāvli,kaavli
1013,guava tree,noun,,nāraṅgīr jhāḍ,naarangir jhaad
1014,gum,noun,,gūnd,gund
1015,hair,noun,,laṭṭā,lattaa
1016,half way,unknown,,ād vāṭ,aad vaat
1017,halt,noun,,ṭhakāṇo,thakaano
1018,halve,noun,,ādo,aado
1019,hammer,noun,,hātōḍ,haatod
1020,hand,noun,,hāt,haat
1021,hand over,unknown,,pun̄cāḍ,punchaad
1022,hand printing,unknown,,chopaḍdam ̐,chhopaddam 
1023,handcuffs,noun,,hātkaḍi,haatkadi
1024,handkerchief,noun,,dasti,dasti
1025,handle,noun,,piḍi,pidi
1026,hang,noun,,phānsi,phaansi
1027,hangover for drinking alcohol,unknown,,nisār,nisaar
1028,haphazardly,unknown,,kum̐vajum ̐,kumvajum 
1029,happen ad,verb,,ṭūṭpaḍēr,tutpader
1030,hardly ad,verb,,kalḍoṭhaṇṭ,kaldothant
1031,harmonize,verb,,san̄jāyēr,sanjaayer
1032,harness,adjective,,umparēr,umparer
1033,harrow,noun,,gūṇṭkā,guntkaa
1034,hart,noun,,citala,chitala
1035,harvest,noun,,kāṭēr,kaater
1036,hatch,verb,,sēvrīcham ̐,sevrichham 
1037,hatred,noun,,rīs,ris
1038,haunt,noun,,cintāṇi,chintaani
1039,having a yellowish colour ad,verb,,pīḷōjarat,pilojarat
1040,having character,noun,,ācco goṇ,aachcho gon
1041,having illegal relations,unknown,,haḷgī,halgi
1042,having muscles,unknown,,mām̐s bharo,maams bharo
1043,having no way out,unknown,,vāṭ lābēni,vaat laabeni
1044,having responsibility,adjective,,jimmedāri,jimmedaari
1045,hazard,noun,,khatrā,khatraa
1046,haze,adjective,,andāro,andaaro
1047,he pro,noun,,ī,i
1048,he has come,unknown,,ānpaḍi,aanpadi
1049,he has given,unknown,,dīnō,dino
1050,he is telling,noun,,kērō,kero
1051,he lost,unknown,,khōḷdo,kholdo
1052,head,verb,,baḍjāyēr,badjaayer
1053,head of the family,noun,,mālik,maalik
1054,healthily ad,verb,,jīvēti,jiveti
1055,heap,noun,,ḍham̐yikar,dhamyikar
1056,hear,verb,,sāmaḷ,saamal
1057,heart,noun,,dil,dil
1058,heat ad,verb,,tāto,taato
1059,heavy rain,unknown,,pakkopāṇi,pakkopaani
1060,heavy storm,noun,,pāṇīrvoṅglo,paanirvonglo
1061,hedge cutter,noun,,korāḍi,koraadi
1062,height,noun,,un̄cam̐,uncham
1063,hell,noun,,narakaṁ,narakam
1064,hemming,noun,,an̄cun gāṇṭēr,anchun gaanter
1065,hen,noun,,kukḍi,kukdi
1066,herd,verb,,maḷāv,malaav
1067,hereinafter,noun,,attam̐,attam
1068,hermit,noun,,muni,muni
1069,hernia,noun,,ḍvāḍō,dvaado
1070,hero,verb,,vērāḷu,veraalu
1071,hidden,adjective,,jatan,jatan
1072,hide,verb,,ghūs,ghus
1073,hiding place,unknown,,ghūm̐ serjāg,ghum serjaag
1074,higher caste,unknown,,mōṭjāt,motjaat
1075,highest,unknown,,vun̄cēr,vuncher
1076,hip,noun,,gūlēr haḍaka,guler hadaka
1077,his only,adjective,,ōr,or
1078,history,noun,,carita,charita
1079,history of nature,unknown,,prakr ̥ti caritra,prakr ̥ti charitra
1080,hit,verb,,lagā,lagaa
1081,hold,verb,,chīp,chhip
1082,hole,noun,,vēj,vej
1083,hole making instrument,noun,,barma,barma
1084,holi festival,noun,,hōḷi,holi
1085,holiday,unknown,,chuṭṭi,chhutti
1086,hollow,noun,,bholgā,bholgaa
1087,holster,noun,,pistōlēr can ̄ci,pistoler chan chi
1088,honey,verb,,maṅgālo,mangaalo
1089,hood,noun,,ṭōpi,topi
1090,hook,verb,,lagāḍ,lagaad
1091,horde,noun,,tāṇḍō,taando
1092,horn,noun,,sīṅg,sing
1093,hornet,noun,,ṭāṭiya,taatiya
1094,hospital,noun,,davākhānā,davaakhaanaa
1095,hostile,adjective,,hāṭō,haato
1096,hot blisters from burns,noun,,hōṭphaḷēro,hotphalero
1097,hotly ad,verb,,tāto,taato
1098,house,noun,,ghar,ghar
1099,household,noun,,gharbār,gharbaar
1100,housewife,noun,,gharvāḷi,gharvaali
1101,how pro,noun,,kuṅkan,kunkan
1102,how much pro,noun,,katri,katri
1103,however pro,noun,,pakkā,pakkaa
1104,howl,noun,,kikāṭi,kikaati
1105,hug,noun,,bakḍi,bakdi
1106,humanity,noun,,mānavat,maanavat
1107,humpback,noun,,kūbḍō,kubdo
1108,hunch,noun,,kūbḍō,kubdo
1109,hundred,numeral,,sō,so
1110,hundred times,noun,,sō hapta,so hapta
1111,hunt,noun,,ṣikār,shikaar
1112,hurdle ad,verb,,āḍō,aado
1113,husband,noun,,gharēvāḷō,gharevaalo
1114,husbands younger brother,noun,,dēvar,devar
1115,husk,noun,,pora,pora
1116,hut,noun,,jhūmpḍī,jhumpdi
1117,hysterical,adjective,,avār,avaar
1118,I pro,noun,,mam̐,mam
1119,I am here,verb,,chūm̐.,chhum.
1120,I cannot tolerate it,verb,,samāḷlam ̐,samaallam 
1121,I found out,verb,,mālaṅkarlido,maalankarlido
1122,I gave,verb,,dīnō,dino
1123,I will come,noun,,ārōcūm ̐,aarochum 
1124,i will give,unknown,,dūm̐cu,dumchu
1125,ice pieces falling with rain,unknown,,hailing  n. țĹా,hailing  n. țĺా
1126,idea,noun,,ōḍpu,odpu
1127,if not this,unknown,,ī nam̐tō,i namto
1128,if so ad,verb,,to,to
1129,ignite,verb,,ucḷāyēr,uchlaayer
1130,ignition flame inflammation,noun,,hōḷi,holi
1131,iguana,noun,,gōyi,goyi
1132,ill,noun,,vaṅgdeni,vangdeni
1133,illness,noun,,dōkēti,doketi
1134,illustration,verb,,kaḷā,kalaa
1135,image,noun,,chāṇḍi,chhaandi
1136,imagination,noun,,sapanō,sapano
1137,immediately ad,verb,,jannāj,jannaaj
1138,immensely ad,verb,,jāppā,jaappaa
1139,immersion,noun,,ḍabōḷ,dabol
1140,imminent,adjective,,āvajakō,aavajako
1141,immortal,unknown,,mvāt chēnijako,mvaat chhenijako
1142,immovable,verb,,hamlā,hamlaa
1143,impartial,adjective,,imānēti,imaaneti
1144,implement,unknown,,amal kar,amal kar
1145,impossible,unknown,,vēnijako,venijako
1146,impotence,noun,,bāyalā,baayalaa
1147,impregnate,verb,,dhas,dhas
1148,improbable,adjective,,vēnijako,venijako
1149,improvement,adjective,,baḍēr,bader
1150,impurity,noun,,kalti,kalti
1151,in ad,verb,,māyi,maayi
1152,in detail,unknown,,kaḷān,kalaan
1153,in the dark,noun,,andārēmā,andaaremaa
1154,in the sleep,unknown,,nindēmā,nindemaa
1155,in them pro,noun,,undumā,undumaa
1156,inaccurate,adjective,,jāṇan,jaanan
1157,inadvertently ad,verb,,bhulcuk,bhulchuk
1158,inanimate,adjective,,vaṅgāyēni,vangaayeni
1159,inaudible,adjective,,aṭāyēni,ataayeni
1160,inch,noun,,in̄c,inch
1161,incident,noun,,saṅghaṭan,sanghatan
1162,incompatible,adjective,,jham̐mēni,jhammeni
1163,incomplete,unknown,,huyikoni,huyikoni
1164,independent ad,verb,,ājādi,aajaadi
1165,indigestion,noun,,ajīrti,ajirti
1166,indirectly ad,verb,,parpuṭ,parput
1167,indispensability,noun,,jarūr,jarur
1168,indisposed,adjective,,nārāj,naaraaj
1169,infecting,unknown,,lāggi,laaggi
1170,infinite,adjective,,ḍhōglā,dhoglaa
1171,inflate,verb,,ūmpaṇ,umpan
1172,infuse,verb,,jaṇāvam ̐,janaavam 
1173,inhabitant,noun,,gharēvāḷō,gharevaalo
1174,inhalation,noun,,khyān ̄cēr,khyaan cher
1175,inherit,verb,,āvajakō,aavajako
1176,injury,noun,,gumḍi,gumdi
1177,injustice,noun,,anyāyi,anyaayi
1178,ad,verb,,నకామ్,నకామ్
1179,inner organs,noun,,jīvemār āṅg,jivemaar aang
1180,insatiable,adjective,,āpacnā,aapachnaa
1181,insect,unknown,,kīḍā,kidaa
1182,insert,verb,,dharas,dharas
1183,inside ad,verb,,māyi,maayi
1184,insolence,noun,,garab,garab
1185,inspection,noun,,khvālē,khvaale
1186,instruct,verb,,sīkh,sikh
1187,insure,unknown,,bhīmākar,bhimaakar
1188,insusceptible,adjective,,vaṅgdeni,vangdeni
1189,intelligent person,unknown,,ṅñānēvāḷō,nnaanevaalo
1190,intentionally ad,verb,,cavaṇukan,chavanukan
1191,ad,verb,,cāvṇōkan,chaavnokan
1192,interest,noun,,khātar,khaatar
1193,interest in the job,unknown,,naukaripar vālo,naukaripar vaalo
1194,interior,noun,,chēḍār,chhedaar
1195,interrupt,noun,,āḍoāyēr,aadoaayer
1196,intestine,noun,,āntar,aantar
1197,into the sea,verb,,sandarēmā,sandaremaa
1198,introduce,verb,,parico,paricho
1199,introduction,verb,,mālaṁ,maalam
1200,introductory,adjective,,mālaṁ cham ̐jakō,maalam chham jako
1201,invent,verb,,ḍhūṇḍ,dhund
1202,inverted,adjective,,vaṭlo,vatlo
1203,invite call,verb,,haṅkār,hankaar
1204,involve,noun,,ḍūbgō,dubgo
1205,iron chain to shut the,unknown,,khaḍka,khadka
1206,irritate,verb,,haḍkār,hadkaar
1207,is that you,noun,,tukam ̐?,tukam ?
1208,it goes,verb,,jāri,jaari
1209,it happened,verb,,pūr vēgō,pur vego
1210,it used to be there,unknown,,jannāvēti,jannaaveti
1211,itch,noun,,khāj,khaaj
1212,its pro,noun,,ōr,or
1213,jaundice,noun,,piḷiya,piliya
1214,jaw,noun,,jābḍō,jaabdo
1215,jelly,adjective,,cikṇō,chikno
1216,jenny,unknown,,gaddi,gaddi
1217,jewelery,noun,,gyāṇo,gyaano
1218,jingle,verb,,bōl,bol
1219,job,noun,,naukari,naukari
1220,join,verb,,jatakar,jatakar
1221,joint,noun,,khīl,khil
1222,journey,noun,,daurā,dauraa
1223,juice,noun,,phalcu,phalchu
1224,July,noun,,sātmē mīnā,saatme minaa
1225,jump,noun,,kudēro,kudero
1226,junction,noun,,caurastā,chaurastaa
1227,jungle,noun,,jaṅgal,jangal
1228,just ad,verb,,abhhāl,abhhaal
1229,just escape,unknown,,jarrāmā ḍagargi,jarraamaa dagargi
1230,kerosene,noun,,gāstēl,gaastel
1231,key,noun,,mukhya,mukhya
1232,kick,verb,,mārlō,maarlo
1233,killer,noun,,khūnikhōr,khunikhor
1234,killing,noun,,mārnākēr,maarnaaker
1235,kind of deer,unknown,,jaṅgalēr gōrli,jangaler gorli
1236,kind of fruit,noun,,bōr,bor
1237,kingdom,noun,,rājyaṁ,raajyam
1238,kings palace,noun,,ghaḍ,ghad
1239,kite,noun,,ghūḍ,ghud
1240,kneel,noun,,pagupaḍēr,pagupader
1241,knife,noun,,cham̐ri,chhamri
1242,knitting,unknown,,gūnt,gunt
1243,knot,noun,,gāṇṭ,gaant
1244,know,verb,,mālan ̄cam̐jakō,maalan chamjako
1245,known,adjective,,adōḍcajako,adodchajako
1246,known man,noun,,mālaṁ cham ̐jakō,maalam chham jako
1247,Krishna river,unknown,,kr̥ṣṇā nandi,kr̥shnaa nandi
1248,label,unknown,,kāndār pān,kaandaar paan
1249,labour,noun,,kūli,kuli
1250,lack,noun,,kāḷō,kaalo
1251,ladle,noun,,koḍci,kodchi
1252,lady leader,noun,,nāyakaṇ,naayakan
1253,lake,noun,,kūṇḍ,kund
1254,Lakh,noun,,lāk,laak
1255,lamp,noun,,dīyō,diyo
1256,landowner,noun,,jammēdār,jammedaar
1257,lantern,noun,,dīyō,diyo
1258,lap,noun,,gōdemā,godemaa
1259,large,noun,,pakko,pakko
1260,larger one,unknown,,mōṭ,mot
1261,larva,unknown,,purpūn ̄cyā,purpun chyaa
1262,lass,noun,,navjavāni,navjavaani
1263,last,adjective,,kōsa,kosa
1264,latest,adjective,,navvōnakkōr,navvonakkor
1265,laugh,verb,,hām̐s,haams
1266,law,noun,,dharam,dharam
1267,lawyer,noun,,vakil,vakil
1268,lazy,noun,,ṭāḷā khāro,taalaa khaaro
1269,lead,verb,,cāl,chaal
1270,leafy green,unknown,,harō,haro
1271,leafy vegetable,unknown,,bhājji,bhaajji
1272,leafy vegetables,noun,,bhājji,bhaajji
1273,leak,noun,,gaṇḍi,gandi
1274,leakage,noun,,cūro,churo
1275,lean,adjective,,navgō,navgo
1276,learn,unknown,,sīkh,sikh
1277,leave,verb,,chōḍ,chhod
1278,leave it out,verb,,chōḍ,chhod
1279,leaven,noun,,gāḷēr,gaaler
1280,leaves,noun,,pān,paan
1281,lecture,verb,,pacār,pachaar
1282,ledger,unknown,,gaṇēr vai,ganer vai
1283,left,adjective,,ḍāv,daav
1284,leg,noun,,ṭāṅg,taang
1285,legion,noun,,paṭāḷaṁ,pataalam
1286,leisure,noun,,chūṭvēḷā,chhutvelaa
1287,lengthen prolong,verb,,baḍā,badaa
1288,lens,noun,,ārsi,aarsi
1289,leprosy,unknown,,kuṣṭi,kushti
1290,less ad,verb,,kam,kam
1291,lesser,adjective,,dassēk,dassek
1292,lets go,unknown,,jām̐vam̐,jaamvam
1293,lets jump with happy,verb,,kūdām ̐,kudaam 
1294,letter,noun,,kāraṭ,kaarat
1295,letting it go,noun,,jāyedam ̐,jaayedam 
1296,liberty,noun,,mukti,mukti
1297,lick,noun,,cāṭ,chaat
1298,lid,noun,,bhūcno,bhuchno
1299,lie back on to a,noun,,aḍkēr,adker
1300,life,noun,,umar,umar
1301,life long,unknown,,umar bharo,umar bharo
1302,lift it and show,unknown,,pāḍan dikāḷ,paadan dikaal
1303,lift to carry,verb,,pālḍam ̐,paaldam 
1304,lifting,verb,,vaṭāḍ,vataad
1305,light brown colour,noun,,bhīnoraṅg,bhinorang
1306,light in weight,adjective,,hoḷiphūl,holiphul
1307,like,noun,,sammat,sammat
1308,like that ad,verb,,hanu,hanu
1309,like that only ad,verb,,hanūj,hanuj
1310,like the one which is,adjective,,cham̐,chham
1311,likely,adjective,,vēvāḷ,vevaal
1312,limit,noun,,geṭṭu,gettu
1313,limp,verb,,khoḍā,khodaa
1314,line,noun,,kīr,kir
1315,line of ploughing,noun,,sāl,saal
1316,link,adjective,,bhēḷē,bhele
1317,lion,noun,,janāvar,janaavar
1318,lip,noun,,hōṭ,hot
1319,liquid,noun,,pāṇī,paani
1320,list,noun,,jābitā,jaabitaa
1321,listless,noun,,banā jōrēr,banaa jorer
1322,lit the fire,unknown,,aṅgār ghāl,angaar ghaal
1323,litter,noun,,gāḍi,gaadi
1324,little,adjective,,dassēk,dassek
1325,live,unknown,,jīvaṇi,jivani
1326,lively ad,verb,,jīvēti,jiveti
1327,liver,noun,,koḷjō,koljo
1328,living,noun,,rēro,rero
1329,lizard,noun,,kirkiṇḍō,kirkindo
1330,loan,noun,,bāki,baaki
1331,lock,noun,,kun̄ji,kunji
1332,lodge,noun,,ṭhakāṇo,thakaano
1333,loft,noun,,aṭku,atku
1334,log,noun,,lākaḍ,laakad
1335,log of wood,noun,,lākaḍ,laakad
1336,loneliness,noun,,chyāṇṭ,chhyaant
1337,long ago,adjective,,dharagiḍiyā,dharagidiyaa
1338,long horns,unknown,,mōṭsiṅgēvāḷ,motsingevaal
1339,long pole to propel a,unknown,,paḍavār cāṭṭu,padavaar chaattu
1340,long pole to propel a,noun,,cāṭṭu,chaattu
1341,longings,noun,,vāṭ jō,vaat jo
1342,look,noun,,darśan,darshan
1343,looking seriously,unknown,,kāṭō dekēr,kaato deker
1344,look vision optic,noun,,nan̄jar,nanjar
1345,loose,noun,,pōlo,polo
1346,lose,verb,,hārgo,haargo
1347,losing,noun,,khōdīnō,khodino
1348,losing colour,verb,,phāṭgo,phaatgo
1349,loss,verb,,būḍgo,budgo
1350,lotion,noun,,tēl,tel
1351,loud ad,verb,,jōrti,jorti
1352,louse,noun,,jūm̐,jum
1353,love,verb,,pyār,pyaar
1354,lover f,noun,,pyāri,pyaari
1355,lovers,noun,,pyār,pyaar
1356,low air pressure,unknown,,jhaḍī mārri,jhadi maarri
1357,luck,noun,,nasīb,nasib
1358,lunch,unknown,,śirāvaṇ,shiraavan
1359,lungs,noun,,phyāmpro,phyaampro
1360,lust,noun,,masti,masti
1361,lustre,noun,,vījēkhavēr,vijekhaver
1362,mad,noun,,yāṇḍi,yaandi
1363,madam,noun,,nāyakaṇ,naayakan
1364,made as right,unknown,,samōr kidē,samor kide
1365,madness,noun,,haḍko,hadko
1366,magic,noun,,gāraḍi,gaaradi
1367,main leader,unknown,,mōṭonāyak,motonaayak
1368,main topic,noun,,khās matlab,khaas matlab
1369,maintain,noun,,cāl,chaal
1370,maintenance,noun,,pāḷ,paal
1371,maize,noun,,jyār,jyaar
1372,maize plant,unknown,,jārēr rāḍā,jaarer raadaa
1373,make as bulge,unknown,,āpram ̐ju kar,aapram ju kar
1374,make cold,verb,,valādam ̐,valaadam 
1375,make dirty,noun,,bigaḍāyēr,bigadaayer
1376,make fast,unknown,,chapke,chhapke
1377,make flour,unknown,,āṭō karēr,aato karer
1378,make fun of,noun,,maskari,maskari
1379,make into a soft ball,unknown,,muddakar,muddakar
1380,make loose,verb,,khulānāk,khulaanaak
1381,make mistakes,noun,,ballākar,ballaakar
1382,make smoke,unknown,,dhūm̐kar,dhumkar
1383,make to happen,verb,,sarkā,sarkaa
1384,making a move,noun,,halā,halaa
1385,making a target,unknown,,tākēro,taakero
1386,making a tomb or grave,unknown,,gatbhānt,gatbhaant
1387,making curry,unknown,,loṅgvāṇ karēr,longvaan karer
1388,making excuses,unknown,,baḍān,badaan
1389,"making impure, defiling",noun,,ballākar,ballaakar
1390,making level,unknown,,maṭraṅgi,matrangi
1391,making small movement,noun,,hāl,haal
1392,making someone laugh,verb,,ham̐ssāḍ,hamssaad
1393,making someone tell,verb,,kerā,keraa
1394,making to stuck,verb,,hapkādinō,hapkaadino
1395,"male cat, tomcat",unknown,,bissā,bissaa
1396,male goat,noun,,bakrā,bakraa
1397,"male pig, boar",unknown,,sūr,sur
1398,male slave,noun,,bhakti karevāḷō,bhakti karevaalo
1399,man,noun,,ādmī,aadmi
1400,mandate,noun,,ājṅa,aajna
1401,manger,noun,,gōlam,golam
1402,manner,noun,,ḍhaṅg,dhang
1403,manufactured,adjective,,kidojako,kidojako
1404,manure heap,noun,,okolḍi,okoldi
1405,many too many very,adjective,,asmān,asmaan
1406,map,noun,,paṭāl,pataal
1407,march,noun,,dharam,dharam
1408,mark,noun,,khyāl,khyaal
1409,market,noun,,aṅgaḍi,angadi
1410,maroon,verb,,jōyivam ̐,joyivam 
1411,marriage,noun,,vāyā,vaayaa
1412,marriage ceremony for a couple,noun,,vāyā,vaayaa
1413,married woman,unknown,,nasēṭ,naset
1414,marrow,noun,,min̄ji,minji
1415,marsh,noun,,kicalḍi jāg,kichaldi jaag
1416,martin,noun,,mādērlaṭ,maaderlat
1417,masculine,unknown,,marad,marad
1418,mash,noun,,cūro,churo
1419,mask,noun,,ghūṅgṭō,ghungto
1420,mason,unknown,,sutāri,sutaari
1421,master,noun,,pūjāri,pujaari
1422,mat,noun,,maḷāv,malaav
1423,mate ad,verb,,sāti,saati
1424,material pro,noun,,cīj,chij
1425,maths,unknown,,gaṇiti śāsrtaṁ,ganiti shaasrtam
1426,matrimony,noun,,vāyā,vaayaa
1427,matter,noun,,khabar,khabar
1428,maw,noun,,pēṭ,pet
1429,maybe ad,verb,,vacakāyikō,vachakaayiko
1430,ad,verb,,vēvāsu,vevaasu
1431,meal,noun,,khorāki,khoraaki
1432,meaning,noun,,adōḍ,adod
1433,meaningful,unknown,,samajvajū,samajvaju
1434,meaningless,adjective,,adōḍ chēnijako,adod chhenijako
1435,meaningless talk,noun,,ṭhālivātē,thaalivaate
1436,meanly ad,verb,,kharāp,kharaap
1437,measure,unknown,,nāpēr,naaper
1438,mechanism,noun,,misni,misni
1439,medical treatment,unknown,,ilāj,ilaaj
1440,medicine,unknown,,jhāḍ,jhaad
1441,medicines,noun,,davāyi,davaayi
1442,meet,noun,,bhaḷge,bhalge
1443,men,noun,,ṭāṇḍēr,taander
1444,mental state,unknown,,mangati,mangati
1445,mere,noun,,ekkaj,ekkaj
1446,merge,verb,,ḍobaḷ,dobal
1447,messy at work,unknown,,chīṇṭ chāṇṭ,chhint chhaant
1448,midday,unknown,,khās dopper,khaas dopper
1449,middle,unknown,,vaccēro,vachchero
1450,middle finger,noun,,vaccer āṅgli,vachcher aangli
1451,middle son,unknown,,vacceṭ bēṭā,vachchet betaa
1452,middleman,noun,,vaccēla,vachchela
1453,midnight,noun,,ājrāt,aajraat
1454,might be there,verb,,rēvāsu,revaasu
1455,mighty,adjective,,jāḍo,jaado
1456,migrating,noun,,ladaṇi,ladani
1457,mild,noun,,dassēk,dassek
1458,milk,noun,,dūd,dud
1459,mill,noun,,girni,girni
1460,mind,noun,,akal,akal
1461,mindful,noun,,jāgan,jaagan
1462,mineral,noun,,khanijaṁ,khanijam
1463,mint,noun,,pudīnā,pudinaa
1464,miracle,adjective,,ṭvāḷimārēr,tvaalimaarer
1465,mirror,noun,,ārsi,aarsi
1466,miscellaneous,adjective,,chirlā,chhirlaa
1467,mischief,noun,,gaḍbaḍ,gadbad
1468,mischievous sounds,noun,,sīṇṭi,sinti
1469,misfortune,noun,,bē kismat,be kismat
1470,mishap,noun,,ṭakkar,takkar
1471,mixed with copper colour,unknown,,bhūr raṅgēr,bhur ranger
1472,mixing,noun,,ēkkarēr,ekkarer
1473,mobilize,verb,,ḍham̐yikar,dhamyikar
1474,moment,noun,,ghaḍiyā,ghadiyaa
1475,monetary assets of a country,noun,,rapiyā,rapiyaa
1476,money,noun,,pisa,pisa
1477,money box,unknown,,tijōri,tijori
1478,money under the table,noun,,lān̄c,laanch
1479,monk,noun,,sanyāsi,sanyaasi
1480,monkey,noun,,vāndri,vaandri
1481,mono,adjective,,ekkaj,ekkaj
1482,monster,noun,,dānā,daanaa
1483,month,noun,,mīnā,minaa
1484,monthly,adjective,,mīnāmā,minaamaa
1485,mood ad,verb,,sor,sor
1486,moon,noun,,cānd,chaand
1487,moor,noun,,maidān,maidaan
1488,moral,noun,,niyat,niyat
1489,morass,noun,,kīnc,kinch
1490,more,unknown,,ajji,ajji
1491,more than,adjective,,jādām ̐,jaadaam 
1492,morning,noun,,parbāti,parbaati
1493,mosque,noun,,mīyār dēvaḷ,miyaar deval
1494,mosquito,noun,,māchchar,maachhchhar
1495,moss,noun,,kān̄ji,kaanji
1496,mothers younger sister,noun,,māsi,maasi
1497,motion,noun,,sarkērō,sarkero
1498,motions,noun,,pēṭcālēr,petchaaler
1499,motor,noun,,gāḍi,gaadi
1500,mountain,noun,,pahāḍ,pahaad
1501,moustache,noun,,mūcē,muche
1502,mouthful,adjective,,mūṇḍōbaran,mundobaran
1503,move,verb,,sarkā,sarkaa
1504,move carefully,noun,,aṭakam ̐ḷēti sarak,atakam leti sarak
1505,movement gait pace,noun,,jāyēro,jaayero
1506,much,adjective,,katrāyikō,katraayiko
1507,mud,adjective,,kicalḍo,kichaldo
1508,muddy soil,unknown,,kīn̄cēvāḷ jammi,kinchevaal jammi
1509,muffle,verb,,ḍhāṅk,dhaank
1510,mug,noun,,lōṭa,lota
1511,murder,noun,,mārnākēr,maarnaaker
1512,murderer,noun,,khūnikhōr,khunikhor
1513,murmur,noun,,gun gun karēr,gun gun karer
1514,mushroom,unknown,,gājē,gaaje
1515,music,noun,,gīd,gid
1516,musical instrument,unknown,,saṅgītamēr visrā,sangitamer visraa
1517,Muslim,noun,,miyā,miyaa
1518,mustard,noun,,rām̐yi,raamyi
1519,mute,noun,,gūṅgo,gungo
1520,mutton piece,noun,,ḍaḷi,dali
1521,myna,noun,,garkōli,garkoli
1522,name,noun,,nām,naam
1523,name of a person,unknown,,ādmīr nām,aadmir naam
1524,namesake,unknown,,māṇi māṇi,maani maani
1525,narrow,adjective,,ḍham̐yi,dhamyi
1526,nature,noun,,goṇ,gon
1527,"nature, behaviour",noun,,prakr ̥ti,prakr ̥ti
1528,navel,noun,,suṇṭi,sunti
1529,near,noun,,ḍham̐yi,dhamyi
1530,nearness,noun,,ḍham̐yi,dhamyi
1531,neck,noun,,kāndā,kaandaa
1532,necklace,noun,,hār,haar
1533,needle,noun,,sūyi,suyi
1534,negative,verb,,vaṭlo,vatlo
1535,neighbours ad,verb,,sām,saam
1536,nephew,noun,,bhāṇ jō,bhaan jo
1537,nest,noun,,khōḍo,khodo
1538,net,noun,,jhāḷ,jhaal
1539,new,noun,,navvo,navvo
1540,newly ad,verb,,navvo,navvo
1541,news,noun,,khabar,khabar
1542,newspaper,noun,,kāgad,kaagad
1543,next,adjective,,paccēr,pachcher
1544,nice,adjective,,kūb āc,kub aach
1545,nicely ad,verb,,asmān,asmaan
1546,night,unknown,,rāt,raat
1547,nine,numeral,,nav,nav
1548,nineteen,numeral,,vagṇīs,vagnis
1549,ninety,numeral,,navad,navad
1550,no ad,verb,,mat,mat
1551,no shelter,unknown,,banāgatēro,banaagatero
1552,noble,adjective,,āc,aach
1553,northward ad,verb,,ḍham̐yi,dhamyi
1554,nose,noun,,nāk,naak
1555,nose ring,noun,,phulā,phulaa
1556,not ad,verb,,kōni,koni
1557,not being tired,unknown,,hārchēni,haarchheni
1558,not matching,verb,,purvēni,purveni
1559,not stretchable,adjective,,baḍēni,badeni
1560,not that much,unknown,,atrākoni,atraakoni
1561,not understandable,verb,,kaḷēnijako,kalenijako
1562,note,noun,,ciluku,chiluku
1563,noun,noun,,nāmēn vatāyer,naamen vataayer
1564,nourishment ad,verb,,dhāpan,dhaapan
1565,now,noun,,abbam ̐,abbam 
1566,now and then ad,verb,,jannār janna,jannaar janna
1567,numb,unknown,,baṭṭar,battar
1568,number,noun,,āṅk,aank
1569,nurse,noun,,sēvā,sevaa
1570,oat,noun,,bhalḍu,bhaldu
1571,oath vow,noun,,svāgan,svaagan
1572,obedient,noun,,manimi,manimi
1573,observe,verb,,dēkū kar,deku kar
1574,obvious,noun,,vātēkarēvāḷō,vaatekarevaalo
1575,occupy,verb,,khabjā,khabjaa
1576,ocean,unknown,,mōṭosamdar,motosamdar
1577,of ad,verb,,ōr,or
1578,of a chilli,noun,,marcā,marchaa
1579,of all,adjective,,sēr,ser
1580,offence,noun,,jurmāna,jurmaana
1581,offer sacrifice,verb,,polimār,polimaar
1582,offering,noun,,chōḍēr,chhoder
1583,office,noun,,daphtar,daphtar
1584,oil,noun,,tēl,tel
1585,okra,noun,,bhiṇḍa,bhinda
1586,old,adjective,,jūnō,juno
1587,old man,noun,,buḍo,budo
1588,old person,adjective,,jūnō,juno
1589,omlette,unknown,,bhūn̄jo,bhunjo
1590,on it,unknown,,ōpra,opra
1591,on our own,unknown,,apṇēti apaṇ,apneti apan
1592,once,unknown,,ēktvāyi,ektvaayi
1593,one,numeral,,ēk,ek
1594,one among us,unknown,,āpaṇēma ēk,aapanema ek
1595,one person pro,noun,,ekkaj,ekkaj
1596,one thing,unknown,,ekkinam ̐,ekkinam 
1597,one to one,unknown,,ekīn ēk,ekin ek
1598,one type of rope,noun,,palugu,palugu
1599,one which being told,unknown,,kajako,kajako
1600,one who poses for a,noun,,navēro,navero
1601,ones pro,noun,,ekkir,ekkir
1602,ones back,noun,,puṭē,pute
1603,ones which is coming,adjective,,āvam̐jakō,aavamjako
1604,onion,noun,,kāndā,kaandaa
1605,only,adjective,,ekkaj,ekkaj
1606,only a little ad,verb,,dhassekaj,dhassekaj
1607,only one ad,verb,,ekkaj,ekkaj
1608,only one person,unknown,,ēklēnam ̐,eklenam 
1609,ooze,verb,,cūyō,chuyo
1610,oozing,noun,,sāṅgḷēr,saangler
1611,open it,verb,,vadōḍ,vadod
1612,opening,noun,,khoḷēr,kholer
1613,opening a cabinet,noun,,arrānam ̐ khōḷ,arraanam  khol
1614,openly ad,verb,,khullaṅkhulla,khullankhulla
1615,operation,unknown,,āprēśan,aapreshan
1616,opportunity,noun,,dāḍo,daado
1617,oppose,verb,,haṭā,hataa
1618,or ad,verb,,natō,nato
1619,orange,noun,,santrāl,santraal
1620,orbit,noun,,ghēran,gheran
1621,organic,noun,,lōyō,loyo
1622,organization,noun,,maḷāv,malaav
1623,origin,noun,,saru,saru
1624,orphan,noun,,gatichēni,gatichheni
1625,other,noun,,dūsrē,dusre
1626,otherwise,verb,,nikāṇ,nikaan
1627,ours,unknown,,apṇo,apno
1628,outburst,verb,,phuṭēr,phuter
1629,outcry,verb,,rāmri,raamri
1630,outer layer,adjective,,umpram ̐,umpram 
1631,outline,noun,,rūp,rup
1632,outmoded,adjective,,jūnō,juno
1633,oven,noun,,ṭhikri,thikri
1634,over,adjective,,pūr vēgō,pur vego
1635,overthrow,verb,,phāṅk dam ̐,phaank dam 
1636,owl,noun,,cibri,chibri
1637,own,adjective,,ōr,or
1638,owner,noun,,gharēvāḷō,gharevaalo
1639,packet,noun,,pūḷi,puli
1640,pain,noun,,duk,duk
1641,pair,noun,,jōḍi,jodi
1642,Paisa,noun,,pisa,pisa
1643,"palace, castle",unknown,,rāj mandīr,raaj mandir
1644,palm,noun,,hātḷi,haatli
1645,palm fruit,unknown,,khajuri,khajuri
1646,palm tree,unknown,,tāḍer jhāḍ,taader jhaad
1647,pan,noun,,sāri,saari
1648,pancreas,noun,,pitto,pitto
1649,papaya,noun,,pāpaḍ kāya,paapad kaaya
1650,paper,noun,,ciluku,chiluku
1651,paralysis,noun,,paiścavātaṁ,paishchavaatam
1652,pare,verb,,chōl,chhol
1653,parliament,noun,,pārlameṇṭ,paarlament
1654,parrot,noun,,cilka,chilka
1655,part,verb,,chūṭ jō,chhut jo
1656,partiality,noun,,valpacanaṁ,valpachanam
1657,participant m pro,noun,,bhaḷgojako,bhalgojako
1658,particular,adjective,,āc,aach
1659,partner,unknown,,hissādār,hissaadaar
1660,parts,noun,,bhāgē,bhaage
1661,party,noun,,khorāki,khoraaki
1662,pass,noun,,pās vēgō,paas vego
1663,paste,verb,,cuṇṭāḍ,chuntaad
1664,pasture,noun,,mēta,meta
1665,paternal aunt,noun,,phupir,phupir
1666,patience,noun,,opkyi,opkyi
1667,patio,noun,,maṇḍvā,mandvaa
1668,pattern,noun,,ōrnayi,ornayi
1669,pay,verb,,dēnāk,denaak
1670,payment,noun,,dēr,der
1671,peep,verb,,navan dēk,navan dek
1672,pen,noun,,poṇṭi,ponti
1673,penalty,noun,,ḍāṇḍ,daand
1674,penance,noun,,tapas,tapas
1675,people,unknown,,jan,jan
1676,perform prayer,unknown,,pūja,puja
1677,peripheral superficial,unknown,,umparumpar,umparumpar
1678,perm,noun,,kārlelaṭṭā,kaarlelattaa
1679,permission,noun,,savāl pūn ̄cēr,savaal pun cher
1680,permit,verb,,ijājat,ijaajat
1681,person,noun,,ādmī,aadmi
1682,person who knows everything,unknown,,jṅāni,jnaani
1683,persuade,verb,,purā,puraa
1684,pertinent,adjective,,pūrvajatrā,purvajatraa
1685,pestle,noun,,ukḷi,ukli
1686,petrol,noun,,piṭrōl,pitrol
1687,petty,adjective,,dassēk,dassek
1688,physically ad,verb,,jīvērō,jivero
1689,physician,noun,,vaidguḍu,vaidgudu
1690,pick,noun,,khūbāc,khubaach
1691,pickle,noun,,khvāḍi,khvaadi
1692,picture,noun,,bomma,bomma
1693,pigeon,noun,,kabutar,kabutar
1694,pigment,noun,,raṅg,rang
1695,pile,noun,,masāṇ,masaan
1696,pillow,noun,,sarāṇō,saraano
1697,pimple,noun,,khīl,khil
1698,pin,noun,,guṇḍu sūyi,gundu suyi
1699,pinch,noun,,kocar,kochar
1700,pink,noun,,golāl raṅg,golaal rang
1701,pipe,noun,,buṅgā,bungaa
1702,pit,noun,,bommōyi,bommoyi
1703,place,noun,,jammi,jammi
1704,plan,noun,,oḍupu,odupu
1705,plant,noun,,molkā,molkaa
1706,planting plants,unknown,,mōlkā gāḍēr,molkaa gaader
1707,plants,unknown,,mōlkā,molkaa
1708,plate,noun,,rēk,rek
1709,play,noun,,ramti,ramti
1710,player,noun,,khilāḍi,khilaadi
1711,playing card,unknown,,pattāl,pattaal
1712,please go,verb,,jāvō,jaavo
1713,please walk,verb,,cālō,chaalo
1714,plot land soil,noun,,jāg,jaag
1715,plough,verb,,dūn,dun
1716,plug,verb,,gulcā,gulchaa
1717,pocket,unknown,,khōli,kholi
1718,poem,noun,,gīd,gid
1719,poetry,noun,,padyabhāgaṁ,padyabhaagam
1720,point,noun,,tikko,tikko
1721,pointless,adjective,,būṇṭlo,buntlo
1722,poise,noun,,vajan,vajan
1723,poison,noun,,vas,vas
1724,police,noun,,pōlis,polis
1725,police station,unknown,,kacēri,kacheri
1726,polish,verb,,sodār,sodaar
1727,politics,noun,,rājanīti,raajaniti
1728,pomegranate,noun,,anār,anaar
1729,pond,noun,,khāḍ,khaad
1730,poor,adjective,,garīb,garib
1731,poor people,noun,,garīb,garib
1732,porridge,noun,,daḷyā,dalyaa
1733,portion,noun,,hām̐so,haamso
1734,portray,verb,,mūrat kāḍ,murat kaad
1735,possibly ad,verb,,kām̐yikō,kaamyiko
1736,postpone the work for some,noun,,vāyido,vaayido
1737,posture,noun,,ḍhaṅg,dhang
1738,pot,noun,,ṭōkaṇō,tokano
1739,potato,unknown,,āl gaḍḍa,aal gadda
1740,potherb,noun,,māṭēr bhājī,maater bhaaji
1741,potter,noun,,kamār,kamaar
1742,pound,unknown,,āṭō karēr,aato karer
1743,pouring,verb,,rēḍēro,redero
1744,poverty,noun,,garīb,garib
1745,powder,noun,,bhukḷi,bhukli
1746,power,noun,,karaṇṭ,karant
1747,practice,noun,,ṭhakul,thakul
1748,praise,verb,,tāriph,taariph
1749,prawn,noun,,jhīṅgā,jhingaa
1750,pray,verb,,vinti,vinti
1751,preacher,verb,,garu,garu
1752,predictably ad,verb,,jāṇan,jaanan
1753,pregnancy,noun,,pēṭ,pet
1754,prepare,verb,,baṇā,banaa
1755,present,noun,,abbam ̐,abbam 
1756,preserve,adjective,,jatan,jatan
1757,press,unknown,,istri kar,istri kar
1758,prestige,noun,,ijjat,ijjat
1759,previous,adjective,,dharagiḍiyā,dharagidiyaa
1760,previously ad,verb,,abbēsij,abbesij
1761,price,verb,,dām,daam
1762,pride,noun,,garab,garab
1763,priest,noun,,pūjāri,pujaari
1764,primitive,adjective,,āṅgēr,aanger
1765,print,verb,,chapāyēr,chhapaayer
1766,private,adjective,,jēr jēnam ̐,jer jenam 
1767,problematic phase,noun,,bhāvēṭi,bhaaveti
1768,procession,noun,,julūs,julus
1769,proclaim by beating a drum,verb,,ḍapaḍā,dapadaa
1770,profit,unknown,,phyāyēdo,phyaayedo
1771,programme,noun,,kāryaṁ,kaaryam
1772,promise,noun,,nam̐camak,namchamak
1773,promote,verb,,pāḷ,paal
1774,prophecy,noun,,kālajñāni,kaalajnaani
1775,propose,verb,,prastāv,prastaav
1776,protract,noun,,ālcaṅkar,aalchankar
1777,psychological,adjective,,manēr,maner
1778,psychology,noun,,man jñānēr śāstraṁ,man jnaaner shaastram
1779,puberty,noun,,pēḍu,pedu
1780,puff,noun,,bukka,bukka
1781,pugnacious,adjective,,barkāyēvāḷ,barkaayevaal
1782,pull,verb,,khīn̄c,khinch
1783,pulley,noun,,girra,girra
1784,pulling out,unknown,,khyān ̄cnāk,khyaan chnaak
1785,pulse,noun,,dāḷ,daal
1786,pump,noun,,boriṅgi,boringi
1787,pumpkin,noun,,kvāḷā,kvaalaa
1788,punishment,noun,,śikṣa,shiksha
1789,punt,noun,,taḍa,tada
1790,pupil,noun,,vidyārdhi,vidyaardhi
1791,purchaser,unknown,,lēvāḷō,levaalo
1792,purr,noun,,cherēr,chherer
1793,push,verb,,dhekal,dhekal
1794,push solidly,unknown,,jorēti dhakal,joreti dhakal
1795,put off,noun,,ōlāyēr,olaayer
1796,put out the fire,unknown,,aṅgār olā,angaar olaa
1797,putting someone outside,unknown,,vagāḍō,vagaado
1798,puzzle,noun,,āṇṭō bhāndēr,aanto bhaander
1799,python,unknown,,paḷḍ,pald
1800,quaint,adjective,,junēdāḍēr,junedaader
1801,qualified,adjective,,arhata,arhata
1802,quality,noun,,goṇ,gon
1803,quantity,noun,,parimāṇaṁ,parimaanam
1804,quarter,noun,,ṭhakāṇo,thakaano
1805,queen,unknown,,rāṇī,raani
1806,question,verb,,savāl pūn ̄cēr,savaal pun cher
1807,quickly ad,verb,,cham̐pkēsi,chhampkesi
1808,ad,verb,,dankē,danke
1809,quiet,adjective,,cup,chup
1810,quite ad,verb,,naṭṭam,nattam
1811,quiver,verb,,dhujṇi,dhujni
1812,quota divi,noun,,hām̐so,haamso
1813,rabbit,noun,,sasyā,sasyaa
1814,race,noun,,jāt,jaat
1815,radiant,adjective,,vajāḷō,vajaalo
1816,radish,noun,,mullaṅgi,mullangi
1817,rafter,unknown,,gharēr vām ̐sā,gharer vaam saa
1818,rails,noun,,paṭṭālu,pattaalu
1819,rain,noun,,pāṇī,paani
1820,raining heavily,noun,,jhaḍīr pāṇī,jhadir paani
1821,rainy season,noun,,varsāḷō,varsaalo
1822,raise,verb,,jādakar,jaadakar
1823,raising,verb,,vadrō,vadro
1824,ram,noun,,gōrlā,gorlaa
1825,ramble,noun,,phar,phar
1826,range,noun,,geṭṭu,gettu
1827,rapids,noun,,jōrtivyārō,jortivyaaro
1828,rat,noun,,undar,undar
1829,rattle,noun,,bakvās,bakvaas
1830,reach,verb,,bhaḷge,bhalge
1831,real,adjective,,sattēr,satter
1832,realistic,adjective,,mālan ̄cam̐jakō,maalan chamjako
1833,rebuke,noun,,gāḷidēr,gaalider
1834,receiver m,unknown,,lēn jāyēvāḷō,len jaayevaalo
1835,recent,adjective,,navvo,navvo
1836,recognition,noun,,savāl pūn ̄cēr,savaal pun cher
1837,recognize,verb,,vaḷak,valak
1838,rectify,verb,,sarikar,sarikar
1839,red,adjective,,rātḍō,raatdo
1840,refreshment,noun,,phalāraṁ,phalaaram
1841,refrigerate,verb,,śiḷōkar,shilokar
1842,refusal,noun,,matkedinō,matkedino
1843,refuse,verb,,chōḍ,chhod
1844,refuse to do something,noun,,haṭā,hataa
1845,region,noun,,jāg,jaag
1846,related,adjective,,irāda,iraada
1847,related to you,unknown,,tamār,tamaar
1848,relation,unknown,,nātō,naato
1849,relationship,noun,,pāmaṇ,paaman
1850,relaxation,noun,,rikām,rikaam
1851,relief from the danger of,unknown,,ṭam̐ḷgō,tamlgo
1852,religion,noun,,jāt,jaat
1853,remember,noun,,harde,harde
1854,remind,noun,,hardo,hardo
1855,remote place,noun,,konāro,konaaro
1856,removal of insects,unknown,,jhāḍmārēr,jhaadmaarer
1857,remove,verb,,kāḍ,kaad
1858,remove the shell,verb,,poṭṭu kāḍ,pottu kaad
1859,rent,noun,,bhāḍo,bhaado
1860,repair,noun,,jō,jo
1861,repairer,noun,,āccokarevāḷō,aachchokarevaalo
1862,reparation,noun,,ḍāṇḍ,daand
1863,report,noun,,phiryād,phiryaad
1864,repository,noun,,gummi,gummi
1865,reproach,noun,,bōli bhāṇḍēr,boli bhaander
1866,reptile,noun,,sarkērō,sarkero
1867,request,verb,,nvārā,nvaaraa
1868,requirement,noun,,cāvam ̐nō,chaavam no
1869,reserve,verb,,thāmēr,thaamer
1870,reservoir,noun,,kūṇḍ,kund
1871,resignation,noun,,chōḍ,chhod
1872,resist,verb,,khamāḍlam ̐,khamaadlam 
1873,response,noun,,hāṭō,haato
1874,rest,noun,,rikām,rikaam
1875,restricted meal,noun,,patyaṁ,patyam
1876,return,noun,,āyēr,aayer
1877,reversal,noun,,phēr,pher
1878,revolution,noun,,krānti,kraanti
1879,reward,noun,,inām,inaam
1880,rice,noun,,cāvaḷ,chaaval
1881,rich,adjective,,sāvukār,saavukaar
1882,rich man,noun,,amīr,amir
1883,ride,noun,,savāri,savaari
1884,ridged gourd,noun,,tōri,tori
1885,rifle,noun,,bandūk,banduk
1886,right,adjective,,jamaṇō,jamano
1887,right age to get married,noun,,moṭiyār,motiyaar
1888,right here,noun,,attaj,attaj
1889,right side,unknown,,jamṇēvaḍi cham ̐,jamnevadi chham 
1890,rigid,adjective,,jāḍo,jaado
1891,ring,noun,,viṇṭi,vinti
1892,ringleader,noun,,ṭāṇḍēr,taander
1893,rings worn on toes,noun,,cam̐ṭki,chamtki
1894,ripe,adjective,,buḍoyēgō,budoyego
1895,ripened dried kernel,noun,,nāraḷ,naaral
1896,river,noun,,nandi,nandi
1897,road,noun,,vāṭ,vaat
1898,roar,verb,,ḍarkāyēro,darkaayero
1899,rob,verb,,lūṭlejo,lutlejo
1900,robber,noun,,cōr,chor
1901,rock pieces,noun,,kāṅkra,kaankra
1902,rod,unknown,,salāk,salaak
1903,roll,noun,,palṭi mār,palti maar
1904,room,unknown,,arrā,arraa
1905,rope,noun,,gāḷā,gaalaa
1906,ropes,noun,,gāḷā,gaalaa
1907,rotten,adjective,,gargi,gargi
1908,rotten one,noun,,gargi,gargi
1909,round,noun,,gōḷā,golaa
1910,water vessel,noun,,gālā,gaalaa
1911,rub,verb,,copaḍ,chopad
1912,rubber,noun,,labbar,labbar
1913,rubbing,noun,,masaḷēr,masaler
1914,rude,adjective,,anāḍi,anaadi
1915,ruin,verb,,cēḍgo,chedgo
1916,rumour,noun,,phuṅkār,phunkaar
1917,rust,noun,,cilaṁ,chilam
1918,sache,noun,,dōk,dok
1919,sacred,unknown,,niṣṭaro,nishtaro
1920,sacred thread for waist,verb,,kaṇadōri,kanadori
1921,sacrifice,unknown,,balidān,balidaan
1922,salary,noun,,bām̐yi,baamyi
1923,salt,noun,,nūṇ,nun
1924,saltwater,unknown,,khāropāṇī,khaaropaani
1925,sample,noun,,sāya,saaya
1926,sand,noun,,uśkā,ushkaa
1927,Saturday,noun,,thāvar,thaavar
1928,savage,unknown,,raṇīādmi,raniaadmi
1929,scared,adjective,,camkān,chamkaan
1930,scatter,noun,,chaṇak,chhanak
1931,scent,unknown,,attar,attar
1932,school,noun,,baḍi,badi
1933,scissor,noun,,kotaḍni,kotadni
1934,scorpion,noun,,vin̄cu,vinchu
1935,scratch,verb,,khojhā,khojhaa
1936,screen,noun,,pardā,pardaa
1937,scrub,verb,,dhō,dho
1938,seal,noun,,mōr,mor
1939,search,noun,,ḍhūṇḍēr,dhunder
1940,second,unknown,,dīmō,dimo
1941,secret ad,verb,,khēdo,khedo
1942,secretion,noun,,cūyō,chuyo
1943,secretly ad,verb,,khēdo,khedo
1944,seductive look,unknown,,āḍiāṅkiti dēkrō,aadiaankiti dekro
1945,seed,unknown,,dāṇā,daanaa
1946,seed of Bishops weed,unknown,,ajmō,ajmo
1947,seeing,verb,,dekrō,dekro
1948,select,adjective,,kidejako,kidejako
1949,sell,verb,,vēc,vech
1950,send,unknown,,mēl,mel
1951,send after telling,verb,,kēmel,kemel
1952,separate,verb,,nāḷi,naali
1953,separating,noun,,āmli,aamli
1954,serially ad,verb,,rēturētu,returetu
1955,sesamum,noun,,talli,talli
1956,set,verb,,ḍūbgō,dubgo
1957,set it right,verb,,sarikar,sarikar
1958,set right,verb,,sarikar,sarikar
1959,settle,verb,,phēḍ,phed
1960,seventeen,numeral,,satram ̐,satram 
1961,seventy,numeral,,sattar,sattar
1962,several,adjective,,katrāyikō,katraayiko
1963,shadow,noun,,chāṇḍi,chhaandi
1964,share,noun,,hām̐so,haamso
1965,sharp,noun,,dhār,dhaar
1966,sharp point,noun,,phūṅg,phung
1967,sharpening,verb,,aḷā,alaa
1968,shaving cream,unknown,,ḍvāḍiparēr pyāsaḍ,dvaadiparer pyaasad
1969,sheep,noun,,gōrli,gorli
1970,women,noun,,kvāḍi,kvaadi
1971,shine,verb,,jhāṅk,jhaank
1972,short,adjective,,pōṭiyā,potiyaa
1973,shortness,adjective,,poṭyā,potyaa
1974,should be there,verb,,rēṇō,reno
1975,shoulder,noun,,kāndō,kaando
1976,shoulder bone,unknown,,sāndēr haḍaka,saander hadaka
1977,shout,noun,,tukāri,tukaari
1978,shouting,verb,,rāmri,raamri
1979,show,noun,,ṭēḷō,telo
1980,show affection on your own,verb,,cūm,chum
1981,shred,noun,,ṭokḍā,tokdaa
1982,shrew,noun,,cuṇḍeluka,chundeluka
1983,shut the door,unknown,,gaḍi ghāl,gadi ghaal
1984,shy,verb,,lāj,laaj
1985,sicken,verb,,bimāri,bimaari
1986,side,noun,,tī,ti
1987,sieve,noun,,chāṇṇi,chhaanni
1988,sight,noun,,nan̄jar,nanjar
1989,sign,noun,,masko,masko
1990,silence,noun,,gaccap,gachchap
1991,silently ad,verb,,boleniju,boleniju
1992,silver,noun,,rūpō,rupo
1993,similar,adjective,,ōrnayi,ornayi
1994,simple ad,verb,,sādasīda,saadasida
1995,sing,verb,,bōl,bol
1996,sink,verb,,ḍubāḍ,dubaad
1997,sister,unknown,,bāyilōg,baayilog
1998,sister in law,unknown,,sāḷi,saali
1999,sit,verb,,byās,byaas
2000,sitting,noun,,byās,byaas
2001,six,numeral,,cho,chho
2002,sixteen,numeral,,sōḷam ̐,solam 
2003,sixty,numeral,,sāṭ,saat
2004,skin,noun,,khālḍi,khaaldi
2005,slant ad,verb,,pāllu,paallu
2006,slap,noun,,gālēpar lagā,gaalepar lagaa
2007,sleep,noun,,nīnd,nind
2008,sleeping,unknown,,sōgē,soge
2009,slip,noun,,rapasan,rapasan
2010,slow,noun,,ḍhīlo,dhilo
2011,slowly ad,verb,,ḍhīlo,dhilo
2012,smack ad,verb,,dankē,danke
2013,small,adjective,,nāṇki,naanki
2014,small boy,unknown,,pīkā,pikaa
2015,small finger,noun,,cam̐ṭkiāṅgḷi,chamtkiaangli
2016,small girl,unknown,,pīki,piki
2017,small tiny vessel used for,unknown,,capṭi,chapti
2018,small tuft of hair on,noun,,coṭṭi,chotti
2019,small water vessel,unknown,,sarva,sarva
2020,small well with oozing water,unknown,,vēri,veri
2021,smallpox,noun,,phyālgi,phyaalgi
2022,smart,noun,,hum̐syāri,humsyaari
2023,smart man,noun,,khūb sūrat,khub surat
2024,smash,verb,,phōḍ,phod
2025,smell,noun,,vām̐s,vaams
2026,smelling,verb,,gandāro,gandaaro
2027,smelting,noun,,kolmi,kolmi
2028,smile,verb,,hām̐s,haams
2029,snap,noun,,kāṭēr,kaater
2030,snappy ad,verb,,jaldi,jaldi
2031,sneezing,noun,,siṅkaḍ,sinkad
2032,snoring,verb,,ghōrro,ghorro
2033,snowstorm,noun,,vasevāḷō pāṇī,vasevaalo paani
2034,so,noun,,kām̐yikō,kaamyiko
2035,sob,unknown,,hupkī,hupki
2036,sociable,adjective,,maskari,maskari
2037,society,noun,,jagati,jagati
2038,soda,noun,,sōḍā,sodaa
2039,soft,adjective,,gilo,gilo
2040,soil,unknown,,dūḍ,dud
2041,solace,noun,,manādēr,manaader
2042,solely ad,verb,,chiyāṇṭ,chhiyaant
2043,solution,noun,,gaḷgo,galgo
2044,solve,noun,,tapśā,tapshaa
2045,some,adjective,,dassēk,dassek
2046,some more,conjunction,,ujji,ujji
2047,sometimes pro,noun,,ēkēk tāyi,ekek taayi
2048,song,noun,,gīd,gid
2049,son-in-law,noun,,jamāyi,jamaayi
2050,soon ad,verb,,chapkō,chhapko
2051,soup,noun,,phalcu,phalchu
2052,sour,noun,,khāṭo,khaato
2053,south,noun,,lac maṇ,lach man
2054,sovereign,noun,,rāj,raaj
2055,sow,verb,,gāḍ,gaad
2056,space,unknown,,rāmē,raame
2057,spade,noun,,pāra,paara
2058,speak,verb,,pacār,pachaar
2059,spear,noun,,barci,barchi
2060,spear grass,noun,,kāṭēvāḷōkhaḍ,kaatevaalokhad
2061,spectacles,noun,,kājaḷ,kaajal
2062,speechless,adjective,,gūṅgo,gungo
2063,spell,noun,,mattar,mattar
2064,sperm,noun,,indriyaṁ,indriyam
2065,spice,noun,,masālō,masaalo
2066,spider,noun,,koḍiyā,kodiyaa
2067,spinach,noun,,vāḍēr bhājji,vaader bhaajji
2068,spiritual,adjective,,dēvēpar bhakti,devepar bhakti
2069,spittle,noun,,thūṅk,thunk
2070,split rip cleave,verb,,phāḍ,phaad
2071,spoil,adjective,,ballā,ballaa
2072,spoiled,verb,,paḍāvō,padaavo
2073,spoken word,unknown,,muṇḍēr bōli,munder boli
2074,spoon,unknown,,can̄cā,chanchaa
2075,spoonful,noun,,cen̄cār atrā,chenchaar atraa
2076,sports,noun,,ramti,ramti
2077,spot,noun,,ilākō,ilaako
2078,spray,noun,,chaṇak,chhanak
2079,spread,noun,,cvāḍ,chvaad
2080,spring,noun,,jhōḷi,jholi
2081,springtime,noun,,māgidāḍ,maagidaad
2082,sprinkle,noun,,chaṇak,chhanak
2083,sprinkled,adjective,,ṣiḷovegō,shilovego
2084,sprouting,unknown,,hugyāyō,hugyaayo
2085,squeak,verb,,chīṅk,chhink
2086,squeeze,verb,,naco,nacho
2087,squint,unknown,,bāḍō,baado
2088,squirrel,noun,,garli,garli
2089,stab,adjective,,posaḍ,posad
2090,stable,adjective,,ṭakan,takan
2091,stag,noun,,citala,chitala
2092,stale,adjective,,jūnō,juno
2093,stall,noun,,gumsi,gumsi
2094,stamp,verb,,khūnd,khund
2095,stand,noun,,jāg,jaag
2096,stand up,verb,,hubar,hubar
2097,star,noun,,tārā,taaraa
2098,stare the eyes,unknown,,ṭamkār,tamkaar
2099,start,verb,,nisar,nisar
2100,started,verb,,nikaḷ,nikal
2101,starting phase,unknown,,dhar agḍīyār,dhar agdiyaar
2102,startle,adjective,,camkān,chamkaan
2103,startled,adjective,,jan̄jrāgo,janjraago
2104,statement,noun,,vāt,vaat
2105,stay with,unknown,,lāram̐,laaram
2106,steep road,verb,,caḍāvo,chadaavo
2107,steer,noun,,sāṇḍiyā,saandiyaa
2108,step mother,unknown,,svākēr,svaaker
2109,stepmother,noun,,māsi,maasi
2110,stepping,verb,,lāt mēl,laat mel
2111,steps,unknown,,khapti,khapti
2112,stew,verb,,vakāḷ,vakaal
2113,stick,adjective,,posaḍ,posad
2114,sticky,noun,,cikṇō,chikno
2115,stick tack,verb,,cuṇṭāḍ,chuntaad
2116,still do it,unknown,,ajjikar,ajjikar
2117,sting,noun,,vāṅko,vaanko
2118,stir,verb,,halā,halaa
2119,stitch,noun,,gāṇṭ,gaant
2120,stitch suture darn,verb,,sīḍ,sid
2121,stomach,noun,,pēṭ,pet
2122,stone,noun,,bhāṭa,bhaata
2123,stool,noun,,pīḍa,pida
2124,stop,verb,,thamāḍ,thamaad
2125,stop please,verb,,thamāḍ,thamaad
2126,"stop still, freeze",noun,,nam̐hālajū,namhaalaju
2127,storage,noun,,gummi,gummi
2128,store,unknown,,gōk,gok
2129,storm,noun,,āndi aṅgoḷo,aandi angolo
2130,stout,adjective,,jāḍo,jaado
2131,stove,verb,,cūlō,chulo
2132,straight ad,verb,,ḍhīlo,dhilo
2133,straight away ad,verb,,sūdō,sudo
2134,strange,adjective,,nam̐ an jān,nam an jaan
2135,strangeness,noun,,jalam,jalam
2136,stream,noun,,chēbri,chhebri
2137,strength stamina,noun,,satta,satta
2138,string,noun,,tānt,taant
2139,strip,noun,,chōḍkā,chhodkaa
2140,stroke,verb,,cīntrō,chintro
2141,strong,adjective,,majbūt,majbut
2142,strong person,noun,,balvān,balvaan
2143,structure,noun,,tarika,tarika
2144,stuck,adjective,,aṭṭaggo,attaggo
2145,study,unknown,,kaḷāyēro,kalaayero
2146,stuttering,unknown,,tōtli,totli
2147,style,noun,,tarika,tarika
2148,submit,noun,,dhār,dhaar
2149,submitting oneself,verb,,havālo vējo,havaalo vejo
2150,succeeding,noun,,pēna samiyār,pena samiyaar
2151,successor,noun,,khāndāni,khaandaani
2152,sudden,adjective,,cham̐pkēsi,chhampkesi
2153,suddenly,adjective,,jaldi,jaldi
2154,sugar,noun,,sakkar,sakkar
2155,sugar cane,noun,,sāṇṭā,saantaa
2156,suggest,verb,,khōj vatā,khoj vataa
2157,summary,noun,,odoḍ,odod
2158,sun,noun,,dāḍo,daado
2159,Sunday,noun,,ditvār,ditvaar
2160,sunny ad,verb,,taḍko,tadko
2161,sunrise,noun,,jhūn̄c,jhunch
2162,suppress,verb,,khūnd,khund
2163,suppressing,noun,,daman,daman
2164,surface,adjective,,umparēr,umparer
2165,surrend,noun,,havāl,havaal
2166,surroundings,unknown,,āspās,aaspaas
2167,survive,verb,,ban̄c,banch
2168,suspicion,noun,,gumān,gumaan
2169,sustain,verb,,nirṇay,nirnay
2170,swallow,verb,,galjō,galjo
2171,swap,noun,,lēṇgi dēṇgi,lengi dengi
2172,swarm,noun,,daḷ,dal
2173,sway,verb,,bagā,bagaa
2174,swear,verb,,imān,imaan
2175,sweat,noun,,parisina,parisina
2176,sweater,unknown,,garam kōṭ,garam kot
2177,sweating,unknown,,ukḷōmārēr,uklomaarer
2178,sweeper,unknown,,bārēvāḷō,baarevaalo
2179,sweepings,noun,,rāsi,raasi
2180,sweet,adjective,,mīṭo,mito
2181,sweet eatables,noun,,mīṭmaṭāyi,mitmataayi
2182,swell,verb,,phūlō,phulo
2183,swig,verb,,piyōṭ,piyot
2184,swing,noun,,halā,halaa
2185,swollen,adjective,,sūjgō,sujgo
2186,swollen belly,unknown,,āpargojako pēṭ,aapargojako pet
2187,sword,noun,,talvār,talvaar
2188,symbol of remembrance,verb,,cintāṇi,chintaani
2189,table,noun,,mējā,mejaa
2190,tail,noun,,pun̄cḍi,punchdi
2191,tailor,noun,,mērāvāḷ,meraavaal
2192,take,verb,,līyā,liyaa
2193,taking,noun,,lēlam̐,lelam
2194,taking control,noun,,rakālḍīdinō,rakaaldidino
2195,tall,adjective,,umpram ̐,umpram 
2196,tamarind,noun,,āmli,aamli
2197,tandem ad,verb,,kūb āc,kub aach
2198,tangled,adjective,,guntāgo,guntaago
2199,tap,noun,,nālo,naalo
2200,target,noun,,dēkan,dekan
2201,taste,verb,,cākan dēk,chaakan dek
2202,teacher,noun,,garu,garu
2203,teak tree,noun,,sāgunā,saagunaa
2204,tear,verb,,cīr,chir
2205,tearing,noun,,cīr,chir
2206,tears,noun,,hām̐su,haamsu
2207,tell,verb,,kam̐,kam
2208,tell briefly,unknown,,maja kam ̐,maja kam 
2209,tell in detail,unknown,,khōḷan kam ̐,kholan kam 
2210,teller pro,noun,,kēvāḷō,kevaalo
2211,Telugu,noun,,telugu,telugu
2212,temperate,adjective,,vaccēro,vachchero
2213,temple,noun,,dēvaḷ,deval
2214,temporary,adjective,,ghaḍikesāru,ghadikesaaru
2215,ten,numeral,,das,das
2216,tender leaf,noun,,ciguru,chiguru
2217,term,noun,,tāṇu,taanu
2218,tether,noun,,gāḷā,gaalaa
2219,than all,unknown,,sēti,seti
2220,that,noun,,ū,u
2221,that side,unknown,,ōvḍi,ovdi
2222,thatch,verb,,chāp,chhaap
2223,thaw,verb,,gāḷ,gaal
2224,their,unknown,,undūr,undur
2225,then ad,verb,,janna,janna
2226,there ad,verb,,ottam̐,ottam
2227,therein ad,verb,,ōmā,omaa
2228,thereupon ad,verb,,ḍhaim ̐ ḍhaim ̐si,dhaim  dhaim si
2229,these,noun,,yē,ye
2230,they,unknown,,ōj,oj
2231,they will be there,verb,,racam ̐,racham 
2232,thick,adjective,,cikṇō,chikno
2233,thickly ad,verb,,jāḍojaṭ,jaadojat
2234,thief one,noun,,coṭṭi,chotti
2235,thigh,noun,,jāṅgḷā,jaanglaa
2236,thin,adjective,,pātḷō,paatlo
2237,thinking,noun,,kēlēr,keler
2238,thinking about,unknown,,kelero,kelero
2239,thirst,noun,,taras,taras
2240,thirsty,adjective,,taras,taras
2241,thirteen,numeral,,tēram̐,teram
2242,thirty,numeral,,tīs,tis
2243,this pro,noun,,ī,i
2244,this day,noun,,āj,aaj
2245,this one only,unknown,,īj,ij
2246,this side,verb,,ēvḍi,evdi
2247,thorny plants,noun,,ḍhīrā,dhiraa
2248,those pro,noun,,ō,o
2249,thought,noun,,khyāl,khyaal
2250,thousand,numeral,,bagā,bagaa
2251,thrash,verb,,mār,maar
2252,thread,noun,,dōra,dora
2253,thread worn by Hindu male,unknown,,kaṇdōrō,kandoro
2254,three,numeral,,tīn,tin
2255,throat,noun,,sāndo,saando
2256,throw,noun,,pheṅkāyēr,phenkaayer
2257,throwing,noun,,dhūṅk,dhunk
2258,thunder,verb,,garajro,garajro
2259,Thursday,noun,,varaspat,varaspat
2260,thus,noun,,ērju,erju
2261,ad,verb,,hanukan,hanukan
2262,tide,verb,,taḍa,tada
2263,tiger,noun,,janāvar,janaavar
2264,tighten,verb,,kas,kas
2265,tile,noun,,ṭhikri,thikri
2266,till that moment ad,verb,,āṅgaj,aangaj
2267,ad,verb,,jannāj,jannaaj
2268,timber,unknown,,lakaḍi,lakadi
2269,time,noun,,ghaḍiyā,ghadiyaa
2270,tinge,noun,,bhīnoraṅg,bhinorang
2271,tip,noun,,konorā,konoraa
2272,tired,verb,,hārgo,haargo
2273,title,noun,,puraskār,puraskaar
2274,to ad,verb,,sām,saam
2275,to a larger extent,verb,,rās,raas
2276,to arrange,verb,,aṭka,atka
2277,to assault,verb,,atyācār,atyaachaar
2278,to balance anything,noun,,jōkēr,joker
2279,to be stuck,verb,,cūṇṭan rēr,chuntan rer
2280,to become,verb,,vēnam ̐,venam 
2281,to blame,verb,,badanām kar,badanaam kar
2282,to burn,noun,,bāḷēnam ̐,baalenam 
2283,to collect,verb,,ḍham̐yikar,dhamyikar
2284,to continue,unknown,,āṅgam ̐ baḍēro,aangam  badero
2285,to crouch,verb,,lapjo,lapjo
2286,to dedicate,verb,,aṅkit kar,ankit kar
2287,to develop,verb,,ghaṇō kar,ghano kar
2288,to dribble,verb,,lāḷē cuvāvam ̐,laale chuvaavam 
2289,to drift,verb,,vyāgē,vyaage
2290,to dwell,verb,,vasjo,vasjo
2291,to evade,verb,,bhūlāḍi paḍjāyēr,bhulaadi padjaayer
2292,to face somebody,noun,,haṭā,hataa
2293,to flatten,verb,,sāpkar,saapkar
2294,to give a name,unknown,,nām pāḍēr,naam paader
2295,to grow,noun,,vadagō,vadago
2296,to keep,verb,,ghāl,ghaal
2297,to meet,verb,,bhaḷēnam ̐,bhalenam 
2298,to plait hair,noun,,mūḷō gūnt,mulo gunt
2299,to sink,verb,,nausan,nausan
2300,to split,verb,,cirrā,chirraa
2301,to stop,noun,,tham,tham
2302,to walk,noun,,cāl,chaal
2303,to where,verb,,kēvḍi,kevdi
2304,today,noun,,āj,aaj
2305,tomato,noun,,bhējrā,bhejraa
2306,tomb,noun,,gōri,gori
2307,tombstone,unknown,,masāṇērbāṭa,masaanerbaata
2308,tomorrow,noun,,savār,savaar
2309,tongue,noun,,jīb,jib
2310,tooth,unknown,,dānt,daant
2311,toothpick,noun,,dāntaṇ,daantan
2312,torch,noun,,kōla,kola
2313,torn off,verb,,phāṭēro,phaatero
2314,torrent,noun,,dhār,dhaar
2315,tortoise,noun,,kābjo,kaabjo
2316,torture,noun,,vēla bhāvēṭi,vela bhaaveti
2317,total,noun,,sāri,saari
2318,touch,verb,,chīp,chhip
2319,towel,noun,,tuvāla,tuvaala
2320,town borough,noun,,ṣār,shaar
2321,traction,noun,,khyān ̄cēr,khyaan cher
2322,tradition,noun,,iḍti,idti
2323,traditional custom,noun,,ఇĬిత్,ఇĭిత్
2324,traditional lamp,noun,,dīyōm ̐,diyom 
2325,traditional necklace,noun,,hām̐slō,haamslo
2326,training,noun,,chape sikāyar,chhape sikaayar
2327,transfer,unknown,,tavādal,tavaadal
2328,trap,noun,,phando,phando
2329,treat,verb,,ḍham̐yikido,dhamyikido
2330,treaty,noun,,sulahā,sulahaa
2331,tree,unknown,,jhāḍ,jhaad
2332,trench,noun,,khandkaṁ,khandkam
2333,trend,noun,,tarika,tarika
2334,tribal,adjective,,ban̄jāra,banjaara
2335,tribe ad,verb,,pāḍā,paadaa
2336,trick,noun,,hupām,hupaam
2337,trip,noun,,jātara,jaatara
2338,trouble,noun,,āpti,aapti
2339,trousers,noun,,phaiṇṭ,phaint
2340,trout,noun,,kaṇṭrā,kantraa
2341,true,verb,,sāssi,saassi
2342,truss,noun,,kacōṭi,kachoti
2343,Tuesday,noun,,maṅgaḷ vār,mangal vaar
2344,tumble,verb,,raḍto paḍgo,radto padgo
2345,tumour,noun,,gaḍḍa,gadda
2346,turban,noun,,rūmāl,rumaal
2347,turmeric,unknown,,haḷad,halad
2348,turtle,noun,,kābjo,kaabjo
2349,twenty,numeral,,vīs,vis
2350,twist,unknown,,mēḷ,mel
2351,twisted,unknown,,vaḍi ghalighalāyō,vadi ghalighalaayo
2352,two,numeral,,di,di
2353,twofold,noun,,dīvaṇā,divanaa
2354,tying a plait,noun,,mūḷō gūnt,mulo gunt
2355,tying the edges,unknown,,pāḷē bhāndērō,paale bhaandero
2356,umbrella,noun,,chatri,chhatri
2357,unable to get,unknown,,lidōkōni jū,lidokoni ju
2358,unable to imagine,verb,,sōn̄cekoni,sonchekoni
2359,unbeatable,unknown,,āḍaṁ chēni,aadam chheni
2360,unbound,adjective,,chūṭo,chhuto
2361,uncle,noun,,māma,maama
2362,underground science,unknown,,jammīrō śāstraṁ,jammiro shaastram
2363,underneath,adjective,,taḷ,tal
2364,understood,adjective,,adōḍcajako,adodchajako
2365,unfair,adjective,,aniyāyi,aniyaayi
2366,uniformly,adjective,,ekkaj,ekkaj
2367,universe,noun,,jagati,jagati
2368,unmarried girl,noun,,kum̐vāri,kumvaari
2369,unmarried man,noun,,kum̐vārō,kumvaaro
2370,unmuffle,unknown,,bucno kāḍ,buchno kaad
2371,unnecessary,adjective,,cāyēni,chaayeni
2372,unripe mango,unknown,,āmbā,aambaa
2373,until then ad,verb,,ottetāṇu,ottetaanu
2374,untouched,adjective,,cūṇṭēni,chunteni
2375,unwashed,adjective,,lagalḍē,lagalde
2376,upon ad,verb,,ūmpar,umpar
2377,upper layer,unknown,,poṭṭu,pottu
2378,upper one,unknown,,un̄cēr,uncher
2379,uppermost,adjective,,khūbāc,khubaach
2380,uproar,noun,,balḍāyēr,baldaayer
2381,uproot,verb,,halā,halaa
2382,upstream ad,verb,,vyārōjērsamnak,vyaarojersamnak
2383,urgency ad,verb,,dankē,danke
2384,urinated,verb,,mūddinō,muddino
2385,urine,noun,,mūt,mut
2386,urine with bad smell,adjective,,rābḍo,raabdo
2387,used one,noun,,kidojako,kidojako
2388,useless,adjective,,nakām,nakaam
2389,utensil,noun,,ginyā,ginyaa
2390,uvula,noun,,kāglā,kaaglaa
2391,vacant,unknown,,ṭhāl,thaal
2392,vaccinate,verb,,ṭikāl mār,tikaal maar
2393,valley flowing with water or,noun,,khōbo,khobo
2394,value,noun,,khīmat,khimat
2395,vandalize,verb,,khulānāk,khulaanaak
2396,vanish,verb,,būḍjō,budjo
2397,vegetables,noun,,tarkāri,tarkaari
2398,vein,noun,,nas,nas
2399,venom,noun,,davā,davaa
2400,vent,noun,,vēj,vej
2401,ventricle,noun,,ghar,ghar
2402,verb,verb,,mārlō,maarlo
2403,verse,noun,,kaḍi,kadi
2404,vertical,adjective,,hūb,hub
2405,very large ad,verb,,jāppā,jaappaa
2406,very sensitive,adjective,,āccōso,aachchoso
2407,vex,noun,,kaṭāḷo,kataalo
2408,via ad,verb,,tī,ti
2409,vicar,noun,,badal,badal
2410,vicinity,noun,,ḍham̐yiro,dhamyiro
2411,victim,noun,,dhōkabāj,dhokabaaj
2412,view,noun,,nan̄jar,nanjar
2413,violence,noun,,mārēr,maarer
2414,viper gourd,unknown,,carciṇḍā,charchindaa
2415,visible,adjective,,dikāvajakō,dikaavajako
2416,vision,unknown,,najar,najar
2417,voice,noun,,ghōg,ghog
2418,volcanoes,noun,,aṅgārērō pahāḍ,angaarero pahaad
2419,vomit,verb,,ḍākaṇṇi,daakanni
2420,vote,noun,,ōṭ,ot
2421,wage,verb,,cāl,chaal
2422,wager,noun,,rāji,raaji
2423,waist,unknown,,kaḍ,kad
2424,wait,unknown,,gaṇḍigāsēvāḷō,gandigaasevaalo
2425,waive,verb,,chōḍ,chhod
2426,wake,noun,,jāgāraṇ,jaagaaran
2427,walk,noun,,cāl,chaal
2428,walking stick,unknown,,ṭēkan cālēr lakḍī,tekan chaaler lakdi
2429,wall,noun,,divār,divaar
2430,wan ad,verb,,ḍhilōbhas,dhilobhas
2431,wander,verb,,bhulāṭi paḍgo,bhulaati padgo
2432,want,verb,,cunlēr,chunler
2433,war,noun,,vyār,vyaar
2434,warm water,unknown,,garmo,garmo
2435,wash,noun,,dhonākēr,dhonaaker
2436,washer,noun,,dhōbi,dhobi
2437,waste,adjective,,nakām,nakaam
2438,watch,noun,,kāvli,kaavli
2439,watchman,noun,,caukīdār,chaukidaar
2440,water,noun,,pāṇī,paani
2441,waterfall,noun,,rēlki,relki
2442,watermelon,noun,,tarbūja,tarbuja
2443,watery,adjective,,bhinōchajakō,bhinochhajako
2444,wave,noun,,jhagḷō,jhaglo
2445,waves,unknown,,jhōgoḷ,jhogol
2446,wavy,adjective,,navan cham ̐,navan chham 
2447,wax,noun,,myāṇ,myaan
2448,way,noun,,vāṭ,vaat
2449,we pro,noun,,āpaṇ,aapan
2450,weak,adjective,,banā tāktēro,banaa taaktero
2451,wealth,unknown,,kamāyi,kamaayi
2452,weapon,noun,,hatyār,hatyaar
2453,wear,noun,,pyārēr,pyaarer
2454,weathered,adjective,,aṭak go,atak go
2455,weave,unknown,,gūnt,gunt
2456,weaving,noun,,guntēr,gunter
2457,wedding celebration,unknown,,ṭēḷō,telo
2458,Wednesday,noun,,badvār,badvaar
2459,weeds,noun,,kalap,kalap
2460,weight,noun,,tōlēr,toler
2461,well,noun,,kūyō,kuyo
2462,west,noun,,ūn̄cāl,unchaal
2463,wet ad,verb,,padan,padan
2464,what,unknown,,kām̐yi,kaamyi
2465,wheat,adjective,,ghaum ̐,ghaum 
2466,wheel,noun,,girra,girra
2467,whelp,verb,,jaṇēr,janer
2468,where,noun,,kattam ̐,kattam 
2469,while,unknown,,jarrāk vaḷā,jarraak valaa
2470,whinny,verb,,galkēro,galkero
2471,whip,unknown,,cām̐mṭo,chaammto
2472,whirlpool,adjective,,aṅgōḷo,angolo
2473,whirlwind,noun,,aṅgoḷō,angolo
2474,whisk,verb,,jhaḍ kār,jhad kaar
2475,whisper,noun,,ghūm̐s ghūm ̐s,ghums ghum s
2476,whistle,noun,,sīṇṭi,sinti
2477,white,adjective,,dhvāḷō,dhvaalo
2478,whiteness,adjective,,dhvāḷō,dhvaalo
2479,who pro,noun,,kūṇ,kun
2480,whore,verb,,kacnī,kachni
2481,whose one is this,unknown,,kēr,ker
2482,why ad,verb,,kassēnam ̐,kassenam 
2483,ad,verb,,kām̐yikanam ̐,kaamyikanam 
2484,wick,noun,,gām,gaam
2485,widow,noun,,rāṇḍ,raand
2486,wife,noun,,gvāṇṇi,gvaanni
2487,will,noun,,vīlunāmā,vilunaamaa
2488,will be there,verb,,racam ̐,racham 
2489,willing,verb,,sammat,sammat
2490,win,verb,,jītēro,jitero
2491,window,noun,,kiḍiki,kidiki
2492,wing,noun,,poṅkoḍa,ponkoda
2493,winnow grain,unknown,,varāḍēr,varaader
2494,winter,noun,,śim̐yāḷō,shimyaalo
2495,wish,verb,,māṅgēr,maanger
2496,with ad,verb,,lāram̐,laaram
2497,with carelessness,unknown,,aṭakḷēti chēnijako,atakleti chhenijako
2498,with discipline,unknown,,malājēti,malaajeti
2499,with hunger,unknown,,bhūkēti,bhuketi
2500,with interest,unknown,,haṭ,hat
2501,with this pro,noun,,yēti,yeti
2502,withdrawal,noun,,hāṭolēr,haatoler
2503,within,verb,,māyij,maayij
2504,without any reason,noun,,నకామ్,నకామ్
2505,without any similarity,unknown,,bhēdchēniju,bhedchheniju
2506,without any worry,unknown,,banā randi,banaa randi
2507,without movement,noun,,halēnijūm ̐,halenijum 
2508,without that ad,verb,,kōni,koni
2509,witness,noun,,gavāyi,gavaayi
2510,wizard,noun,,bhakat,bhakat
2511,wolf,noun,,bhēḍiyā,bhediyaa
2512,woo,verb,,lāḍ karā,laad karaa
2513,wood basin with lot of,noun,,kākoṭi,kaakoti
2514,wood cutter,unknown,,rampyā,rampyaa
2515,wooden box,noun,,cekkār sanduk,chekkaar sanduk
2516,wooden peg,noun,,khilli,khilli
2517,wooden post,unknown,,khūṇṭā,khuntaa
2518,wool,noun,,ūn,un
2519,word,noun,,vājā,vaajaa
2520,work,noun,,kām,kaam
2521,worker,noun,,bām̐yām̐,baamyaam
2522,working person,noun,,bām̐yām̐,baamyaam
2523,works,noun,,racana,rachana
2524,world,noun,,jagat,jagat
2525,worn,adjective,,pyārajakaṇō,pyaarajakano
2526,worry ad,verb,,kaṭāḷo,kataalo
2527,worth,noun,,tāhat,taahat
2528,wound,noun,,ghāv,ghaav
2529,wound from burns,noun,,aṅgārēr ghāv,angaarer ghaav
2530,wreck,verb,,phōḍ,phod
2531,wretch,noun,,banāgatēro,banaagatero
2532,wrist,noun,,mukki,mukki
2533,writing,unknown,,lakaṇi,lakani
2534,wrong,noun,,kharāp,kharaap
2535,yam,noun,,sakkar gand,sakkar gand
2536,yard,noun,,koṭṭaṁ,kottam
2537,yawn,verb,,bagāyi mār,bagaayi maar
2538,year,noun,,varas,varas
2539,yellow colour,unknown,,piḷoraṅg,pilorang
2540,yes,verb,,hāvam ̐,haavam 
2541,yesterday,noun,,kāl,kaal
2542,yield,noun,,pācōjako pāṇṭā,paachojako paantaa
2543,yoke,noun,,kānni,kaanni
2544,you sg pro,noun,,tūm̐,tum
2545,young lady,noun,,moṭiyār cyāri,motiyaar chyaari
2546,young sprouts,noun,,nāṭ,naat
2547,younger sister of mother,noun,,kāki,kaaki
2548,youngster,noun,,navējavān,navejavaan
2549,yours pro,noun,,tōnam ̐,tonam 
2550,yourself,noun,,tūj,tuj
2551,youth,noun,,navējavān,navejavaan
2552,zeal,noun,,jōr,jor
